INFO 2025-06-20 18:26:26,665 autoreload 20387 139711488857280 Watching for file changes with StatReloader
INFO 2025-06-20 18:26:38,788 views 20387 139710789891648 Usuario 28492679 cerrando sesión.
INFO 2025-06-20 18:26:38,881 basehttp 20387 139710789891648 "GET /logout/ HTTP/1.1" 302 0
INFO 2025-06-20 18:26:38,917 basehttp 20387 139710789891648 "GET /login/ HTTP/1.1" 200 16313
INFO 2025-06-20 18:26:41,157 auth_backend 20387 139710789891648 Credenciales GLPI válidas para usuario 28492679.
INFO 2025-06-20 18:26:41,215 auth_backend 20387 139710789891648 Usuario 28492679 añadido/asegurado en grupo Django 'Perfil Requerido'.
INFO 2025-06-20 18:26:41,376 views 20387 139710789891648 Inicio de sesión exitoso para el usuario 28492679.
INFO 2025-06-20 18:26:41,460 basehttp 20387 139710789891648 "POST /login/ HTTP/1.1" 302 0
INFO 2025-06-20 18:26:41,770 basehttp 20387 139710789891648 "GET / HTTP/1.1" 200 84578
INFO 2025-06-20 18:26:42,579 basehttp 20387 139710789891648 "GET /tecnicos/ HTTP/1.1" 200 11311
INFO 2025-06-20 18:27:22,249 autoreload 20387 139711488857280 /home/oleon/Escritorio/reporte_glpi_django/metricas/services.py changed, reloading.
INFO 2025-06-20 18:27:22,680 autoreload 20519 139870046868672 Watching for file changes with StatReloader
INFO 2025-06-20 18:28:00,003 autoreload 20519 139870046868672 /home/oleon/Escritorio/reporte_glpi_django/metricas/services.py changed, reloading.
INFO 2025-06-20 18:28:00,357 autoreload 20576 140212303414464 Watching for file changes with StatReloader
INFO 2025-06-20 18:28:45,847 autoreload 20576 140212303414464 /home/oleon/Escritorio/reporte_glpi_django/metricas/views.py changed, reloading.
INFO 2025-06-20 18:28:46,182 autoreload 20647 140251919189184 Watching for file changes with StatReloader
INFO 2025-06-20 18:30:13,159 basehttp 20647 140251220059712 "GET / HTTP/1.1" 200 73543
INFO 2025-06-20 18:30:13,851 basehttp 20647 140251220059712 "GET /tecnicos/ HTTP/1.1" 200 11311
INFO 2025-06-20 18:30:21,997 basehttp 20647 140251220059712 "GET /obtener-grupos/ HTTP/1.1" 200 557
INFO 2025-06-20 18:30:24,195 basehttp 20647 140251220059712 "GET /obtener-subgrupos/?grupo_id=122 HTTP/1.1" 200 450
INFO 2025-06-20 18:30:25,998 basehttp 20647 140251220059712 "GET /obtener-tecnicos-por-subgrupo/?subgrupo_id=11 HTTP/1.1" 200 433
INFO 2025-06-20 18:30:28,360 views 20647 140251220059712 Generando reporte principal para fechas 2025-06-01 a 2025-06-30 (30 días) y técnicos: ['Aldama Josfren ( INT-VE-632 )', 'Arteaga Daniel ( INT-VE-439)', 'Chain Joseph ( INT-VE-1404 )', 'Leon Oswaldo ( INT-VE-545 )', 'Perez Adrian ( INT-VE-543 )', 'Reyes Armando ( INT-VE-544 )', 'Rodríguez Sánchez  Yonny Javier ( INT-VE-356 )']
INFO 2025-06-20 18:30:28,360 services 20647 140251220059712 🚀 Iniciando reporte ultra-optimizado para rango 2025-06-01 - 2025-06-30
INFO 2025-06-20 18:30:28,361 services 20647 140251220059712 📊 Rango de 30 días - Single query
INFO 2025-06-20 18:30:28,361 services 20647 140251220059712 📊 Procesando 1 chunks de datos
INFO 2025-06-20 18:30:28,362 services 20647 140251220059712 ⚡ Procesamiento directo (rango pequeño)
INFO 2025-06-20 18:30:28,362 services 20647 140251220059712 🔄 Procesando chunk: 2025-06-01 a 2025-06-30
DEBUG 2025-06-20 18:30:44,574 services 20647 140251220059712 ✅ Consulta recibidos completada para chunk 2025-06-01-2025-06-30
DEBUG 2025-06-20 18:30:44,575 services 20647 140251220059712 ✅ Consulta cerrados completada para chunk 2025-06-01-2025-06-30
DEBUG 2025-06-20 18:30:44,575 services 20647 140251220059712 ✅ Consulta sla completada para chunk 2025-06-01-2025-06-30
DEBUG 2025-06-20 18:30:44,575 services 20647 140251220059712 ✅ Consulta reabiertos completada para chunk 2025-06-01-2025-06-30
INFO 2025-06-20 18:30:44,589 services 20647 140251220059712 💾 Resultado guardado en cache por 60 minutos
INFO 2025-06-20 18:30:44,589 services 20647 140251220059712 ✅ Reporte ultra-optimizado completado en 16.23 segundos
INFO 2025-06-20 18:30:44,590 services 20647 140251220059712 📈 Procesados 7 técnicos en 1 chunks
INFO 2025-06-20 18:30:44,590 views 20647 140251220059712 Reporte completado en 16.23 segundos para 7 técnicos
INFO 2025-06-20 18:30:44,591 basehttp 20647 140251220059712 "POST /generar-reporte/ HTTP/1.1" 200 2204
INFO 2025-06-20 18:31:55,515 views 20647 140251220059712 Usuario 28492679 cerrando sesión.
INFO 2025-06-20 18:31:55,646 basehttp 20647 140251220059712 "GET /logout/ HTTP/1.1" 302 0
INFO 2025-06-20 18:31:55,655 basehttp 20647 140251220059712 "GET /login/ HTTP/1.1" 200 16313
INFO 2025-06-20 18:31:57,320 auth_backend 20647 140251220059712 Credenciales GLPI válidas para usuario 28492679.
INFO 2025-06-20 18:31:57,400 auth_backend 20647 140251220059712 Usuario 28492679 añadido/asegurado en grupo Django 'Perfil Requerido'.
INFO 2025-06-20 18:31:57,603 views 20647 140251220059712 Inicio de sesión exitoso para el usuario 28492679.
INFO 2025-06-20 18:31:57,667 basehttp 20647 140251220059712 "POST /login/ HTTP/1.1" 302 0
INFO 2025-06-20 18:31:57,995 basehttp 20647 140251220059712 "GET / HTTP/1.1" 200 87109
INFO 2025-06-20 18:31:58,722 basehttp 20647 140251220059712 "GET /tecnicos/ HTTP/1.1" 200 11311
INFO 2025-06-20 18:32:33,983 views 20647 140251220059712 Usuario 28492679 cerrando sesión.
INFO 2025-06-20 18:32:34,064 basehttp 20647 140251220059712 "GET /logout/ HTTP/1.1" 302 0
INFO 2025-06-20 18:32:34,068 basehttp 20647 140251220059712 "GET /login/ HTTP/1.1" 200 16313
INFO 2025-06-20 18:32:36,089 auth_backend 20647 140251220059712 Credenciales GLPI válidas para usuario 28492679.
INFO 2025-06-20 18:32:36,155 auth_backend 20647 140251220059712 Usuario 28492679 añadido/asegurado en grupo Django 'Perfil Requerido'.
INFO 2025-06-20 18:32:36,309 views 20647 140251220059712 Inicio de sesión exitoso para el usuario 28492679.
INFO 2025-06-20 18:32:36,706 basehttp 20647 140251220059712 "POST /login/ HTTP/1.1" 302 0
INFO 2025-06-20 18:32:37,016 basehttp 20647 140251220059712 "GET / HTTP/1.1" 200 88279
INFO 2025-06-20 18:32:37,485 basehttp 20647 140251220059712 "GET /tecnicos/ HTTP/1.1" 200 11311
INFO 2025-06-20 18:32:39,086 views 20647 140251220059712 Usuario 28492679 cerrando sesión.
INFO 2025-06-20 18:32:39,169 basehttp 20647 140251220059712 "GET /logout/ HTTP/1.1" 302 0
INFO 2025-06-20 18:32:39,173 basehttp 20647 140251220059712 "GET /login/ HTTP/1.1" 200 16313
INFO 2025-06-20 18:32:40,561 auth_backend 20647 140251220059712 Credenciales GLPI válidas para usuario 28492679.
INFO 2025-06-20 18:32:40,641 auth_backend 20647 140251220059712 Usuario 28492679 añadido/asegurado en grupo Django 'Perfil Requerido'.
INFO 2025-06-20 18:32:40,869 views 20647 140251220059712 Inicio de sesión exitoso para el usuario 28492679.
INFO 2025-06-20 18:32:40,961 basehttp 20647 140251220059712 "POST /login/ HTTP/1.1" 302 0
INFO 2025-06-20 18:32:41,296 basehttp 20647 140251220059712 "GET / HTTP/1.1" 200 88279
INFO 2025-06-20 18:32:41,829 basehttp 20647 140251220059712 "GET /tecnicos/ HTTP/1.1" 200 11311
INFO 2025-06-20 18:32:44,315 views 20647 140251220059712 Usuario 28492679 cerrando sesión.
INFO 2025-06-20 18:32:44,463 basehttp 20647 140251220059712 "GET /logout/ HTTP/1.1" 302 0
INFO 2025-06-20 18:32:44,466 basehttp 20647 140251220059712 "GET /login/ HTTP/1.1" 200 16313
INFO 2025-06-20 18:32:45,835 auth_backend 20647 140251220059712 Credenciales GLPI válidas para usuario 28492679.
INFO 2025-06-20 18:32:45,901 auth_backend 20647 140251220059712 Usuario 28492679 añadido/asegurado en grupo Django 'Perfil Requerido'.
INFO 2025-06-20 18:32:46,068 views 20647 140251220059712 Inicio de sesión exitoso para el usuario 28492679.
INFO 2025-06-20 18:32:46,161 basehttp 20647 140251220059712 "POST /login/ HTTP/1.1" 302 0
INFO 2025-06-20 18:32:46,468 basehttp 20647 140251220059712 "GET / HTTP/1.1" 200 88279
INFO 2025-06-20 18:32:46,934 basehttp 20647 140251220059712 "GET /tecnicos/ HTTP/1.1" 200 11311
INFO 2025-06-20 18:32:59,240 basehttp 20647 140251220059712 "GET /obtener-grupos/ HTTP/1.1" 200 557
INFO 2025-06-20 18:33:01,564 basehttp 20647 140251220059712 "GET /obtener-subgrupos/?grupo_id=122 HTTP/1.1" 200 450
INFO 2025-06-20 18:33:03,166 basehttp 20647 140251220059712 "GET /obtener-tecnicos-por-subgrupo/?subgrupo_id=11 HTTP/1.1" 200 433
INFO 2025-06-20 18:33:04,167 views 20647 140251220059712 Generando reporte principal para fechas 2025-06-01 a 2025-06-30 (30 días) y técnicos: ['Aldama Josfren ( INT-VE-632 )', 'Arteaga Daniel ( INT-VE-439)', 'Chain Joseph ( INT-VE-1404 )', 'Leon Oswaldo ( INT-VE-545 )', 'Perez Adrian ( INT-VE-543 )', 'Reyes Armando ( INT-VE-544 )', 'Rodríguez Sánchez  Yonny Javier ( INT-VE-356 )']
INFO 2025-06-20 18:33:04,167 services 20647 140251220059712 🚀 Iniciando reporte ultra-optimizado para rango 2025-06-01 - 2025-06-30
INFO 2025-06-20 18:33:04,168 services 20647 140251220059712 📊 Rango de 30 días - Single query
INFO 2025-06-20 18:33:04,168 services 20647 140251220059712 📦 Cache hit - retornando resultado cacheado
INFO 2025-06-20 18:33:04,168 views 20647 140251220059712 Reporte completado en 0.00 segundos para 7 técnicos
INFO 2025-06-20 18:33:04,169 basehttp 20647 140251220059712 "POST /generar-reporte/ HTTP/1.1" 200 2202
INFO 2025-06-20 18:33:09,636 views 20647 140251220059712 Generando reporte principal para fechas 2025-06-01 a 2025-06-30 (30 días) y técnicos: ['Aldama Josfren ( INT-VE-632 )', 'Arteaga Daniel ( INT-VE-439)', 'Chain Joseph ( INT-VE-1404 )', 'Leon Oswaldo ( INT-VE-545 )', 'Perez Adrian ( INT-VE-543 )', 'Reyes Armando ( INT-VE-544 )', 'Rodríguez Sánchez  Yonny Javier ( INT-VE-356 )']
INFO 2025-06-20 18:33:09,636 services 20647 140251220059712 🚀 Iniciando reporte ultra-optimizado para rango 2025-06-01 - 2025-06-30
INFO 2025-06-20 18:33:09,636 services 20647 140251220059712 📊 Rango de 30 días - Single query
INFO 2025-06-20 18:33:09,636 services 20647 140251220059712 📦 Cache hit - retornando resultado cacheado
INFO 2025-06-20 18:33:09,636 views 20647 140251220059712 Reporte completado en 0.00 segundos para 7 técnicos
INFO 2025-06-20 18:33:09,637 basehttp 20647 140251220059712 "POST /generar-reporte/ HTTP/1.1" 200 2202
INFO 2025-06-20 18:33:11,030 views 20647 140251220059712 Generando reporte principal para fechas 2025-06-01 a 2025-06-30 (30 días) y técnicos: ['Aldama Josfren ( INT-VE-632 )', 'Arteaga Daniel ( INT-VE-439)', 'Chain Joseph ( INT-VE-1404 )', 'Leon Oswaldo ( INT-VE-545 )', 'Perez Adrian ( INT-VE-543 )', 'Reyes Armando ( INT-VE-544 )', 'Rodríguez Sánchez  Yonny Javier ( INT-VE-356 )']
INFO 2025-06-20 18:33:11,031 services 20647 140251220059712 🚀 Iniciando reporte ultra-optimizado para rango 2025-06-01 - 2025-06-30
INFO 2025-06-20 18:33:11,031 services 20647 140251220059712 📊 Rango de 30 días - Single query
INFO 2025-06-20 18:33:11,031 services 20647 140251220059712 📦 Cache hit - retornando resultado cacheado
INFO 2025-06-20 18:33:11,031 views 20647 140251220059712 Reporte completado en 0.00 segundos para 7 técnicos
INFO 2025-06-20 18:33:11,032 basehttp 20647 140251220059712 "POST /generar-reporte/ HTTP/1.1" 200 2202
INFO 2025-06-20 18:33:29,453 basehttp 20647 140251220059712 "GET /obtener-grupos/ HTTP/1.1" 200 557
INFO 2025-06-20 18:33:32,227 basehttp 20647 140251220059712 "GET /obtener-subgrupos/?grupo_id=122 HTTP/1.1" 200 450
INFO 2025-06-20 18:33:33,657 basehttp 20647 140251220059712 "GET /obtener-tecnicos-por-subgrupo/?subgrupo_id=11 HTTP/1.1" 200 433
WARNING 2025-06-20 18:33:34,593 views 20647 140251220059712 Generando reporte para rango muy grande: 395 días
INFO 2025-06-20 18:33:34,593 views 20647 140251220059712 Generando reporte principal para fechas 2024-06-01 a 2025-06-30 (395 días) y técnicos: ['Aldama Josfren ( INT-VE-632 )', 'Arteaga Daniel ( INT-VE-439)', 'Chain Joseph ( INT-VE-1404 )', 'Leon Oswaldo ( INT-VE-545 )', 'Perez Adrian ( INT-VE-543 )', 'Reyes Armando ( INT-VE-544 )', 'Rodríguez Sánchez  Yonny Javier ( INT-VE-356 )']
INFO 2025-06-20 18:33:34,593 services 20647 140251220059712 🚀 Iniciando reporte ultra-optimizado para rango 2024-06-01 - 2025-06-30
INFO 2025-06-20 18:33:34,593 services 20647 140251220059712 📊 Rango de 395 días - Chunk processing
INFO 2025-06-20 18:33:34,593 services 20647 140251220059712 📊 Procesando 5 chunks de datos
INFO 2025-06-20 18:33:34,593 services 20647 140251220059712 🔄 Procesamiento paralelo de 5 chunks
INFO 2025-06-20 18:33:34,594 services 20647 140251220059712 📦 Procesando lote 1/2
INFO 2025-06-20 18:33:34,594 services 20647 140251211667008 🔄 Procesando chunk: 2024-06-01 a 2024-08-29
INFO 2025-06-20 18:33:34,594 services 20647 140251201693248 🔄 Procesando chunk: 2024-08-30 a 2024-11-27
INFO 2025-06-20 18:33:34,594 services 20647 140251184907840 🔄 Procesando chunk: 2024-11-28 a 2025-02-25
INFO 2025-06-20 18:33:55,909 basehttp 20647 140250068280896 "GET / HTTP/1.1" 200 94145
INFO 2025-06-20 18:33:56,521 basehttp 20647 140250068280896 "GET /tecnicos/ HTTP/1.1" 200 11311
INFO 2025-06-20 18:33:57,797 views 20647 140250068280896 Usuario 28492679 cerrando sesión.
INFO 2025-06-20 18:33:57,891 basehttp 20647 140250068280896 "GET /logout/ HTTP/1.1" 302 0
INFO 2025-06-20 18:33:57,897 basehttp 20647 140250068280896 "GET /login/ HTTP/1.1" 200 16313
INFO 2025-06-20 18:33:59,892 auth_backend 20647 140250068280896 Credenciales GLPI válidas para usuario 28492679.
INFO 2025-06-20 18:33:59,962 auth_backend 20647 140250068280896 Usuario 28492679 añadido/asegurado en grupo Django 'Perfil Requerido'.
INFO 2025-06-20 18:34:00,131 views 20647 140250068280896 Inicio de sesión exitoso para el usuario 28492679.
INFO 2025-06-20 18:34:00,216 basehttp 20647 140250068280896 "POST /login/ HTTP/1.1" 302 0
INFO 2025-06-20 18:34:00,524 basehttp 20647 140250068280896 "GET / HTTP/1.1" 200 94145
DEBUG 2025-06-20 18:34:00,740 services 20647 140251184907840 ✅ Consulta recibidos completada para chunk 2024-11-28-2025-02-25
DEBUG 2025-06-20 18:34:00,740 services 20647 140251184907840 ✅ Consulta cerrados completada para chunk 2024-11-28-2025-02-25
DEBUG 2025-06-20 18:34:00,755 services 20647 140251184907840 ✅ Consulta sla completada para chunk 2024-11-28-2025-02-25
DEBUG 2025-06-20 18:34:00,756 services 20647 140251184907840 ✅ Consulta reabiertos completada para chunk 2024-11-28-2025-02-25
DEBUG 2025-06-20 18:34:00,780 services 20647 140251211667008 ✅ Consulta recibidos completada para chunk 2024-06-01-2024-08-29
DEBUG 2025-06-20 18:34:00,781 services 20647 140251211667008 ✅ Consulta cerrados completada para chunk 2024-06-01-2024-08-29
DEBUG 2025-06-20 18:34:00,781 services 20647 140251211667008 ✅ Consulta sla completada para chunk 2024-06-01-2024-08-29
DEBUG 2025-06-20 18:34:00,781 services 20647 140251211667008 ✅ Consulta reabiertos completada para chunk 2024-06-01-2024-08-29
DEBUG 2025-06-20 18:34:00,782 services 20647 140251201693248 ✅ Consulta recibidos completada para chunk 2024-08-30-2024-11-27
DEBUG 2025-06-20 18:34:00,782 services 20647 140251201693248 ✅ Consulta cerrados completada para chunk 2024-08-30-2024-11-27
DEBUG 2025-06-20 18:34:00,782 services 20647 140251201693248 ✅ Consulta sla completada para chunk 2024-08-30-2024-11-27
DEBUG 2025-06-20 18:34:00,782 services 20647 140251201693248 ✅ Consulta reabiertos completada para chunk 2024-08-30-2024-11-27
INFO 2025-06-20 18:34:00,783 services 20647 140251220059712 📦 Procesando lote 2/2
INFO 2025-06-20 18:34:00,783 services 20647 140251201693248 🔄 Procesando chunk: 2025-02-26 a 2025-05-26
INFO 2025-06-20 18:34:00,783 services 20647 140251211667008 🔄 Procesando chunk: 2025-05-27 a 2025-06-30
INFO 2025-06-20 18:34:01,155 basehttp 20647 140250068280896 "GET /tecnicos/ HTTP/1.1" 200 11311
DEBUG 2025-06-20 18:34:20,859 services 20647 140251201693248 ✅ Consulta recibidos completada para chunk 2025-02-26-2025-05-26
DEBUG 2025-06-20 18:34:20,876 services 20647 140251211667008 ✅ Consulta recibidos completada para chunk 2025-05-27-2025-06-30
DEBUG 2025-06-20 18:34:20,877 services 20647 140251211667008 ✅ Consulta cerrados completada para chunk 2025-05-27-2025-06-30
DEBUG 2025-06-20 18:34:20,877 services 20647 140251211667008 ✅ Consulta sla completada para chunk 2025-05-27-2025-06-30
DEBUG 2025-06-20 18:34:20,878 services 20647 140251211667008 ✅ Consulta reabiertos completada para chunk 2025-05-27-2025-06-30
DEBUG 2025-06-20 18:34:20,878 services 20647 140251201693248 ✅ Consulta cerrados completada para chunk 2025-02-26-2025-05-26
DEBUG 2025-06-20 18:34:20,878 services 20647 140251201693248 ✅ Consulta sla completada para chunk 2025-02-26-2025-05-26
DEBUG 2025-06-20 18:34:20,878 services 20647 140251201693248 ✅ Consulta reabiertos completada para chunk 2025-02-26-2025-05-26
INFO 2025-06-20 18:34:20,916 services 20647 140251220059712 💾 Resultado guardado en cache por 120 minutos
INFO 2025-06-20 18:34:20,916 services 20647 140251220059712 ✅ Reporte ultra-optimizado completado en 46.32 segundos
INFO 2025-06-20 18:34:20,916 services 20647 140251220059712 📈 Procesados 7 técnicos en 5 chunks
INFO 2025-06-20 18:34:20,916 views 20647 140251220059712 Reporte completado en 46.32 segundos para 7 técnicos
INFO 2025-06-20 18:35:17,317 autoreload 21704 140405411316928 Watching for file changes with StatReloader
INFO 2025-06-20 18:35:20,647 basehttp 21704 140404712322624 "GET / HTTP/1.1" 200 94835
INFO 2025-06-20 18:35:21,228 basehttp 21704 140404712322624 "GET /tecnicos/ HTTP/1.1" 200 11311
INFO 2025-06-20 18:35:25,502 views 21704 140404712322624 Usuario 28492679 cerrando sesión.
INFO 2025-06-20 18:35:25,592 basehttp 21704 140404712322624 "GET /logout/ HTTP/1.1" 302 0
INFO 2025-06-20 18:35:25,609 basehttp 21704 140404712322624 "GET /login/ HTTP/1.1" 200 16313
INFO 2025-06-20 18:35:27,568 auth_backend 21704 140404712322624 Credenciales GLPI válidas para usuario 28492679.
INFO 2025-06-20 18:35:27,653 auth_backend 21704 140404712322624 Usuario 28492679 añadido/asegurado en grupo Django 'Perfil Requerido'.
INFO 2025-06-20 18:35:27,839 views 21704 140404712322624 Inicio de sesión exitoso para el usuario 28492679.
INFO 2025-06-20 18:35:27,916 basehttp 21704 140404712322624 "POST /login/ HTTP/1.1" 302 0
INFO 2025-06-20 18:35:28,233 basehttp 21704 140404712322624 "GET / HTTP/1.1" 200 94835
INFO 2025-06-20 18:35:28,732 basehttp 21704 140404712322624 "GET /tecnicos/ HTTP/1.1" 200 11311
INFO 2025-06-20 18:35:35,950 basehttp 21704 140404712322624 "GET /obtener-grupos/ HTTP/1.1" 200 557
INFO 2025-06-20 18:35:42,495 basehttp 21704 140404712322624 "GET /obtener-subgrupos/?grupo_id=122 HTTP/1.1" 200 450
INFO 2025-06-20 18:35:44,002 basehttp 21704 140404712322624 "GET /obtener-tecnicos-por-subgrupo/?subgrupo_id=11 HTTP/1.1" 200 433
INFO 2025-06-20 18:36:05,002 views 21704 140404712322624 Generando cuadro de tendencia SLA para técnicos ['Aldama Josfren ( INT-VE-632 )', 'Arteaga Daniel ( INT-VE-439)', 'Chain Joseph ( INT-VE-1404 )', 'Leon Oswaldo ( INT-VE-545 )', 'Perez Adrian ( INT-VE-543 )', 'Reyes Armando ( INT-VE-544 )', 'Rodríguez Sánchez  Yonny Javier ( INT-VE-356 )'] entre 2025-06-01 y 2025-06-30, agrupado por mes
INFO 2025-06-20 18:36:05,467 basehttp 21704 140404712322624 "POST /generar-tendencia-sla/ HTTP/1.1" 200 478
INFO 2025-06-20 18:36:48,829 views 21704 140404712322624 Generando cuadro de tendencia SLA para técnicos ['Aldama Josfren ( INT-VE-632 )', 'Arteaga Daniel ( INT-VE-439)', 'Chain Joseph ( INT-VE-1404 )', 'Leon Oswaldo ( INT-VE-545 )', 'Perez Adrian ( INT-VE-543 )', 'Reyes Armando ( INT-VE-544 )', 'Rodríguez Sánchez  Yonny Javier ( INT-VE-356 )'] entre 2025-06-01 y 2025-06-30, agrupado por mes
INFO 2025-06-20 18:36:49,262 basehttp 21704 140404712322624 "POST /generar-tendencia-sla/ HTTP/1.1" 200 478
INFO 2025-06-20 18:38:41,399 basehttp 21704 140404712322624 "GET / HTTP/1.1" 200 94835
INFO 2025-06-20 18:38:42,140 basehttp 21704 140404712322624 "GET /tecnicos/ HTTP/1.1" 200 11311
INFO 2025-06-20 18:38:57,112 basehttp 21704 140404712322624 "GET /obtener-grupos/ HTTP/1.1" 200 557
INFO 2025-06-20 18:38:59,486 basehttp 21704 140404712322624 "GET /obtener-subgrupos/?grupo_id=122 HTTP/1.1" 200 450
INFO 2025-06-20 18:39:01,342 basehttp 21704 140404712322624 "GET /obtener-tecnicos-por-subgrupo/?subgrupo_id=11 HTTP/1.1" 200 433
INFO 2025-06-20 18:39:05,368 views 21704 140404712322624 Generando cuadro de tendencia SLA para técnicos ['Aldama Josfren ( INT-VE-632 )', 'Arteaga Daniel ( INT-VE-439)', 'Chain Joseph ( INT-VE-1404 )', 'Leon Oswaldo ( INT-VE-545 )', 'Perez Adrian ( INT-VE-543 )', 'Reyes Armando ( INT-VE-544 )', 'Rodríguez Sánchez  Yonny Javier ( INT-VE-356 )'] entre 2025-06-01 y 2025-06-30, agrupado por mes
INFO 2025-06-20 18:39:05,769 basehttp 21704 140404712322624 "POST /generar-tendencia-sla/ HTTP/1.1" 200 478
INFO 2025-06-20 18:39:11,893 views 21704 140404712322624 Generando cuadro de tendencia SLA para técnicos ['Aldama Josfren ( INT-VE-632 )', 'Arteaga Daniel ( INT-VE-439)', 'Chain Joseph ( INT-VE-1404 )', 'Leon Oswaldo ( INT-VE-545 )', 'Perez Adrian ( INT-VE-543 )', 'Reyes Armando ( INT-VE-544 )', 'Rodríguez Sánchez  Yonny Javier ( INT-VE-356 )'] entre 2024-06-01 y 2025-06-30, agrupado por mes
INFO 2025-06-20 18:39:25,720 services 22737 139842942620864 🚀 Iniciando reporte ultra-optimizado para rango 2025-06-01 - 2025-06-20
INFO 2025-06-20 18:39:25,721 services 22737 139842942620864 📊 Rango de 20 días - Single query
INFO 2025-06-20 18:39:25,721 services 22737 139842942620864 📊 Procesando 1 chunks de datos
INFO 2025-06-20 18:39:25,722 services 22737 139842942620864 ⚡ Procesamiento directo (rango pequeño)
INFO 2025-06-20 18:39:25,722 services 22737 139842942620864 🔄 Procesando chunk: 2025-06-01 a 2025-06-20
DEBUG 2025-06-20 18:39:46,507 services 22737 139842942620864 ✅ Consulta recibidos completada para chunk 2025-06-01-2025-06-20
DEBUG 2025-06-20 18:39:46,508 services 22737 139842942620864 ✅ Consulta cerrados completada para chunk 2025-06-01-2025-06-20
DEBUG 2025-06-20 18:39:46,508 services 22737 139842942620864 ✅ Consulta sla completada para chunk 2025-06-01-2025-06-20
DEBUG 2025-06-20 18:39:46,508 services 22737 139842942620864 ✅ Consulta reabiertos completada para chunk 2025-06-01-2025-06-20
INFO 2025-06-20 18:39:46,531 services 22737 139842942620864 💾 Resultado guardado en cache por 60 minutos
INFO 2025-06-20 18:39:46,531 services 22737 139842942620864 ✅ Reporte ultra-optimizado completado en 20.81 segundos
INFO 2025-06-20 18:39:46,531 services 22737 139842942620864 📈 Procesados 2 técnicos en 1 chunks
INFO 2025-06-20 18:39:47,254 basehttp 21704 140404712322624 "POST /generar-tendencia-sla/ HTTP/1.1" 200 1982
INFO 2025-06-20 18:40:27,852 views 22948 139724902208704 Generando reporte principal para fechas 2025-06-01 a 2025-06-20 (20 días) y técnicos: ['Leon Oswaldo ( INT-VE-545 )', 'Perez Adrian ( INT-VE-543 )']
INFO 2025-06-20 18:40:27,852 services 22948 139724902208704 🚀 Iniciando reporte ultra-optimizado para rango 2025-06-01 - 2025-06-20
INFO 2025-06-20 18:40:27,852 services 22948 139724902208704 📊 Rango de 20 días - Single query
INFO 2025-06-20 18:40:27,853 services 22948 139724902208704 📊 Procesando 1 chunks de datos
INFO 2025-06-20 18:40:27,853 services 22948 139724902208704 ⚡ Procesamiento directo (rango pequeño)
INFO 2025-06-20 18:40:27,853 services 22948 139724902208704 🔄 Procesando chunk: 2025-06-01 a 2025-06-20
DEBUG 2025-06-20 18:40:43,138 services 22948 139724902208704 ✅ Consulta recibidos completada para chunk 2025-06-01-2025-06-20
DEBUG 2025-06-20 18:40:43,138 services 22948 139724902208704 ✅ Consulta cerrados completada para chunk 2025-06-01-2025-06-20
DEBUG 2025-06-20 18:40:43,144 services 22948 139724902208704 ✅ Consulta sla completada para chunk 2025-06-01-2025-06-20
DEBUG 2025-06-20 18:40:43,144 services 22948 139724902208704 ✅ Consulta reabiertos completada para chunk 2025-06-01-2025-06-20
INFO 2025-06-20 18:40:43,157 services 22948 139724902208704 💾 Resultado guardado en cache por 60 minutos
INFO 2025-06-20 18:40:43,157 services 22948 139724902208704 ✅ Reporte ultra-optimizado completado en 15.30 segundos
INFO 2025-06-20 18:40:43,157 services 22948 139724902208704 📈 Procesados 2 técnicos en 1 chunks
INFO 2025-06-20 18:40:43,157 views 22948 139724902208704 Reporte completado en 15.30 segundos para 2 técnicos
INFO 2025-06-20 18:41:32,293 basehttp 21704 140404712322624 "GET / HTTP/1.1" 200 94835
INFO 2025-06-20 18:41:33,117 basehttp 21704 140404712322624 "GET /tecnicos/ HTTP/1.1" 200 11311
INFO 2025-06-20 18:41:44,533 views 21704 140404712322624 Generando cuadro de tendencia SLA para técnicos ['Leon Oswaldo ( INT-VE-545 )'] entre 2025-06-01 y 2025-06-30, agrupado por mes
INFO 2025-06-20 18:41:44,993 basehttp 21704 140404712322624 "POST /generar-tendencia-sla/ HTTP/1.1" 200 72
INFO 2025-06-20 18:42:00,335 autoreload 23354 140060482970816 Watching for file changes with StatReloader
INFO 2025-06-20 18:42:20,794 autoreload 23413 140476549452992 Watching for file changes with StatReloader
INFO 2025-06-20 18:42:25,910 views 23413 140475850544704 Usuario 28492679 cerrando sesión.
INFO 2025-06-20 18:42:25,987 basehttp 23413 140475850544704 "GET /logout/ HTTP/1.1" 302 0
INFO 2025-06-20 18:42:25,998 basehttp 23413 140475850544704 "GET /login/ HTTP/1.1" 200 16313
INFO 2025-06-20 18:42:27,467 auth_backend 23413 140475850544704 Credenciales GLPI válidas para usuario 28492679.
INFO 2025-06-20 18:42:27,534 auth_backend 23413 140475850544704 Usuario 28492679 añadido/asegurado en grupo Django 'Perfil Requerido'.
INFO 2025-06-20 18:42:27,701 views 23413 140475850544704 Inicio de sesión exitoso para el usuario 28492679.
INFO 2025-06-20 18:42:27,776 basehttp 23413 140475850544704 "POST /login/ HTTP/1.1" 302 0
INFO 2025-06-20 18:42:28,085 basehttp 23413 140475850544704 "GET / HTTP/1.1" 200 94859
INFO 2025-06-20 18:42:28,553 basehttp 23413 140475850544704 "GET /tecnicos/ HTTP/1.1" 200 11311
INFO 2025-06-20 18:42:30,608 basehttp 23413 140475850544704 "GET /obtener-grupos/ HTTP/1.1" 200 557
INFO 2025-06-20 18:42:32,588 basehttp 23413 140475850544704 "GET /obtener-subgrupos/?grupo_id=122 HTTP/1.1" 200 450
INFO 2025-06-20 18:42:34,030 basehttp 23413 140475850544704 "GET /obtener-tecnicos-por-subgrupo/?subgrupo_id=11 HTTP/1.1" 200 433
INFO 2025-06-20 18:42:35,632 views 23413 140475850544704 Generando reporte principal para fechas 2025-06-01 a 2025-06-30 (30 días) y técnicos: ['Aldama Josfren ( INT-VE-632 )', 'Arteaga Daniel ( INT-VE-439)', 'Chain Joseph ( INT-VE-1404 )', 'Leon Oswaldo ( INT-VE-545 )', 'Perez Adrian ( INT-VE-543 )', 'Reyes Armando ( INT-VE-544 )', 'Rodríguez Sánchez  Yonny Javier ( INT-VE-356 )']
INFO 2025-06-20 18:42:35,632 services 23413 140475850544704 🚀 Iniciando reporte ultra-optimizado para rango 2025-06-01 - 2025-06-30
INFO 2025-06-20 18:42:35,633 services 23413 140475850544704 📊 Rango de 30 días - Single query
INFO 2025-06-20 18:42:35,633 services 23413 140475850544704 📊 Procesando 1 chunks de datos
INFO 2025-06-20 18:42:35,633 services 23413 140475850544704 ⚡ Procesamiento directo (rango pequeño)
INFO 2025-06-20 18:42:35,633 services 23413 140475850544704 🔄 Procesando chunk: 2025-06-01 a 2025-06-30
DEBUG 2025-06-20 18:42:49,941 services 23413 140475850544704 ✅ Consulta recibidos completada para chunk 2025-06-01-2025-06-30
DEBUG 2025-06-20 18:42:49,941 services 23413 140475850544704 ✅ Consulta cerrados completada para chunk 2025-06-01-2025-06-30
DEBUG 2025-06-20 18:42:49,941 services 23413 140475850544704 ✅ Consulta sla completada para chunk 2025-06-01-2025-06-30
DEBUG 2025-06-20 18:42:49,941 services 23413 140475850544704 ✅ Consulta reabiertos completada para chunk 2025-06-01-2025-06-30
INFO 2025-06-20 18:42:49,975 services 23413 140475850544704 💾 Resultado guardado en cache por 60 minutos
INFO 2025-06-20 18:42:49,975 services 23413 140475850544704 ✅ Reporte ultra-optimizado completado en 14.34 segundos
INFO 2025-06-20 18:42:49,976 services 23413 140475850544704 📈 Procesados 7 técnicos en 1 chunks
INFO 2025-06-20 18:42:49,976 views 23413 140475850544704 Reporte completado en 14.34 segundos para 7 técnicos
INFO 2025-06-20 18:42:49,977 basehttp 23413 140475850544704 "POST /generar-reporte/ HTTP/1.1" 200 2204
WARNING 2025-06-20 18:43:08,721 views 23413 140475850544704 Generando reporte para rango muy grande: 395 días
INFO 2025-06-20 18:43:08,721 views 23413 140475850544704 Generando reporte principal para fechas 2024-06-01 a 2025-06-30 (395 días) y técnicos: ['Aldama Josfren ( INT-VE-632 )', 'Arteaga Daniel ( INT-VE-439)', 'Chain Joseph ( INT-VE-1404 )', 'Leon Oswaldo ( INT-VE-545 )', 'Perez Adrian ( INT-VE-543 )', 'Reyes Armando ( INT-VE-544 )', 'Rodríguez Sánchez  Yonny Javier ( INT-VE-356 )']
INFO 2025-06-20 18:43:08,721 services 23413 140475850544704 🚀 Iniciando reporte ultra-optimizado para rango 2024-06-01 - 2025-06-30
INFO 2025-06-20 18:43:08,721 services 23413 140475850544704 📊 Rango de 395 días - Chunk processing
INFO 2025-06-20 18:43:08,722 services 23413 140475850544704 📊 Procesando 5 chunks de datos
INFO 2025-06-20 18:43:08,722 services 23413 140475850544704 🔄 Procesamiento paralelo de 5 chunks
INFO 2025-06-20 18:43:08,722 services 23413 140475850544704 📦 Procesando lote 1/2
INFO 2025-06-20 18:43:08,723 services 23413 140475763783232 🔄 Procesando chunk: 2024-06-01 a 2024-08-29
INFO 2025-06-20 18:43:08,723 services 23413 140475746997824 🔄 Procesando chunk: 2024-08-30 a 2024-11-27
INFO 2025-06-20 18:43:08,724 services 23413 140475755390528 🔄 Procesando chunk: 2024-11-28 a 2025-02-25
DEBUG 2025-06-20 18:43:34,244 services 23413 140475746997824 ✅ Consulta recibidos completada para chunk 2024-08-30-2024-11-27
DEBUG 2025-06-20 18:43:34,248 services 23413 140475755390528 ✅ Consulta recibidos completada para chunk 2024-11-28-2025-02-25
DEBUG 2025-06-20 18:43:34,248 services 23413 140475763783232 ✅ Consulta recibidos completada para chunk 2024-06-01-2024-08-29
DEBUG 2025-06-20 18:43:34,248 services 23413 140475746997824 ✅ Consulta cerrados completada para chunk 2024-08-30-2024-11-27
DEBUG 2025-06-20 18:43:34,249 services 23413 140475755390528 ✅ Consulta cerrados completada para chunk 2024-11-28-2025-02-25
DEBUG 2025-06-20 18:43:34,250 services 23413 140475763783232 ✅ Consulta cerrados completada para chunk 2024-06-01-2024-08-29
DEBUG 2025-06-20 18:43:34,250 services 23413 140475746997824 ✅ Consulta sla completada para chunk 2024-08-30-2024-11-27
DEBUG 2025-06-20 18:43:34,251 services 23413 140475755390528 ✅ Consulta sla completada para chunk 2024-11-28-2025-02-25
DEBUG 2025-06-20 18:43:34,251 services 23413 140475763783232 ✅ Consulta sla completada para chunk 2024-06-01-2024-08-29
DEBUG 2025-06-20 18:43:34,252 services 23413 140475746997824 ✅ Consulta reabiertos completada para chunk 2024-08-30-2024-11-27
DEBUG 2025-06-20 18:43:34,252 services 23413 140475755390528 ✅ Consulta reabiertos completada para chunk 2024-11-28-2025-02-25
DEBUG 2025-06-20 18:43:34,253 services 23413 140475763783232 ✅ Consulta reabiertos completada para chunk 2024-06-01-2024-08-29
INFO 2025-06-20 18:43:34,257 services 23413 140475850544704 📦 Procesando lote 2/2
INFO 2025-06-20 18:43:34,258 services 23413 140475763783232 🔄 Procesando chunk: 2025-02-26 a 2025-05-26
INFO 2025-06-20 18:43:34,258 services 23413 140475755390528 🔄 Procesando chunk: 2025-05-27 a 2025-06-30
DEBUG 2025-06-20 18:43:52,746 services 23413 140475763783232 ✅ Consulta recibidos completada para chunk 2025-02-26-2025-05-26
DEBUG 2025-06-20 18:43:52,770 services 23413 140475763783232 ✅ Consulta cerrados completada para chunk 2025-02-26-2025-05-26
DEBUG 2025-06-20 18:43:52,770 services 23413 140475763783232 ✅ Consulta sla completada para chunk 2025-02-26-2025-05-26
DEBUG 2025-06-20 18:43:52,771 services 23413 140475763783232 ✅ Consulta reabiertos completada para chunk 2025-02-26-2025-05-26
DEBUG 2025-06-20 18:43:52,859 services 23413 140475755390528 ✅ Consulta recibidos completada para chunk 2025-05-27-2025-06-30
DEBUG 2025-06-20 18:43:52,881 services 23413 140475755390528 ✅ Consulta cerrados completada para chunk 2025-05-27-2025-06-30
DEBUG 2025-06-20 18:43:52,882 services 23413 140475755390528 ✅ Consulta sla completada para chunk 2025-05-27-2025-06-30
DEBUG 2025-06-20 18:43:52,882 services 23413 140475755390528 ✅ Consulta reabiertos completada para chunk 2025-05-27-2025-06-30
INFO 2025-06-20 18:43:52,929 services 23413 140475850544704 💾 Resultado guardado en cache por 120 minutos
INFO 2025-06-20 18:43:52,929 services 23413 140475850544704 ✅ Reporte ultra-optimizado completado en 44.21 segundos
INFO 2025-06-20 18:43:52,929 services 23413 140475850544704 📈 Procesados 7 técnicos en 5 chunks
INFO 2025-06-20 18:43:52,930 views 23413 140475850544704 Reporte completado en 44.21 segundos para 7 técnicos
INFO 2025-06-20 18:43:52,930 basehttp 23413 140475850544704 "POST /generar-reporte/ HTTP/1.1" 200 2244
WARNING 2025-06-20 18:44:07,244 views 23413 140475850544704 Generando reporte para rango muy grande: 395 días
INFO 2025-06-20 18:44:07,244 views 23413 140475850544704 Generando reporte principal para fechas 2024-06-01 a 2025-06-30 (395 días) y técnicos: ['Aldama Josfren ( INT-VE-632 )', 'Arteaga Daniel ( INT-VE-439)', 'Chain Joseph ( INT-VE-1404 )', 'Leon Oswaldo ( INT-VE-545 )', 'Perez Adrian ( INT-VE-543 )', 'Reyes Armando ( INT-VE-544 )', 'Rodríguez Sánchez  Yonny Javier ( INT-VE-356 )']
INFO 2025-06-20 18:44:07,245 services 23413 140475850544704 🚀 Iniciando reporte ultra-optimizado para rango 2024-06-01 - 2025-06-30
INFO 2025-06-20 18:44:07,245 services 23413 140475850544704 📊 Rango de 395 días - Chunk processing
INFO 2025-06-20 18:44:07,245 services 23413 140475850544704 📦 Cache hit - retornando resultado cacheado
INFO 2025-06-20 18:44:07,245 views 23413 140475850544704 Reporte completado en 0.00 segundos para 7 técnicos
INFO 2025-06-20 18:44:07,246 basehttp 23413 140475850544704 "POST /generar-reporte/ HTTP/1.1" 200 2242
INFO 2025-06-20 18:44:32,570 views 23413 140475850544704 Generando reporte principal para fechas 2025-05-01 a 2025-06-30 (61 días) y técnicos: ['Aldama Josfren ( INT-VE-632 )', 'Arteaga Daniel ( INT-VE-439)', 'Chain Joseph ( INT-VE-1404 )', 'Leon Oswaldo ( INT-VE-545 )', 'Perez Adrian ( INT-VE-543 )', 'Reyes Armando ( INT-VE-544 )', 'Rodríguez Sánchez  Yonny Javier ( INT-VE-356 )']
INFO 2025-06-20 18:44:32,570 services 23413 140475850544704 🚀 Iniciando reporte ultra-optimizado para rango 2025-05-01 - 2025-06-30
INFO 2025-06-20 18:44:32,570 services 23413 140475850544704 📊 Rango de 61 días - Single query
INFO 2025-06-20 18:44:32,571 services 23413 140475850544704 📊 Procesando 1 chunks de datos
INFO 2025-06-20 18:44:32,571 services 23413 140475850544704 ⚡ Procesamiento directo (rango pequeño)
INFO 2025-06-20 18:44:32,571 services 23413 140475850544704 🔄 Procesando chunk: 2025-05-01 a 2025-06-30
DEBUG 2025-06-20 18:44:46,710 services 23413 140475850544704 ✅ Consulta recibidos completada para chunk 2025-05-01-2025-06-30
DEBUG 2025-06-20 18:44:46,710 services 23413 140475850544704 ✅ Consulta cerrados completada para chunk 2025-05-01-2025-06-30
DEBUG 2025-06-20 18:44:46,711 services 23413 140475850544704 ✅ Consulta sla completada para chunk 2025-05-01-2025-06-30
DEBUG 2025-06-20 18:44:46,711 services 23413 140475850544704 ✅ Consulta reabiertos completada para chunk 2025-05-01-2025-06-30
INFO 2025-06-20 18:44:46,726 services 23413 140475850544704 💾 Resultado guardado en cache por 60 minutos
INFO 2025-06-20 18:44:46,727 services 23413 140475850544704 ✅ Reporte ultra-optimizado completado en 14.16 segundos
INFO 2025-06-20 18:44:46,727 services 23413 140475850544704 📈 Procesados 7 técnicos en 1 chunks
INFO 2025-06-20 18:44:46,727 views 23413 140475850544704 Reporte completado en 14.16 segundos para 7 técnicos
INFO 2025-06-20 18:44:46,728 basehttp 23413 140475850544704 "POST /generar-reporte/ HTTP/1.1" 200 2219
INFO 2025-06-20 18:47:42,094 views 23413 140475850544704 Generando cuadro de tendencia SLA para técnicos ['Aldama Josfren ( INT-VE-632 )', 'Arteaga Daniel ( INT-VE-439)', 'Chain Joseph ( INT-VE-1404 )', 'Leon Oswaldo ( INT-VE-545 )', 'Perez Adrian ( INT-VE-543 )', 'Reyes Armando ( INT-VE-544 )', 'Rodríguez Sánchez  Yonny Javier ( INT-VE-356 )'] entre 2025-06-01 y 2025-06-30, agrupado por mes
INFO 2025-06-20 18:47:42,621 basehttp 23413 140475850544704 "POST /generar-tendencia-sla/ HTTP/1.1" 200 478
INFO 2025-06-20 18:47:50,735 views 23413 140475850544704 Generando cuadro de tendencia SLA para técnicos ['Aldama Josfren ( INT-VE-632 )', 'Arteaga Daniel ( INT-VE-439)', 'Chain Joseph ( INT-VE-1404 )', 'Leon Oswaldo ( INT-VE-545 )', 'Perez Adrian ( INT-VE-543 )', 'Reyes Armando ( INT-VE-544 )', 'Rodríguez Sánchez  Yonny Javier ( INT-VE-356 )'] entre 2024-06-01 y 2025-06-30, agrupado por mes
INFO 2025-06-20 18:48:00,117 views 23413 140475842152000 Generando cuadro de tendencia SLA para técnicos ['Aldama Josfren ( INT-VE-632 )', 'Arteaga Daniel ( INT-VE-439)', 'Chain Joseph ( INT-VE-1404 )', 'Leon Oswaldo ( INT-VE-545 )', 'Perez Adrian ( INT-VE-543 )', 'Reyes Armando ( INT-VE-544 )', 'Rodríguez Sánchez  Yonny Javier ( INT-VE-356 )'] entre 2024-06-01 y 2025-06-30, agrupado por mes
INFO 2025-06-20 18:48:00,384 basehttp 23413 140475850544704 "POST /generar-tendencia-sla/ HTTP/1.1" 200 1982
WARNING 2025-06-20 18:48:06,206 views 23413 140475850544704 Generando reporte para rango muy grande: 395 días
INFO 2025-06-20 18:48:06,206 views 23413 140475850544704 Generando reporte principal para fechas 2024-06-01 a 2025-06-30 (395 días) y técnicos: ['Aldama Josfren ( INT-VE-632 )', 'Arteaga Daniel ( INT-VE-439)', 'Chain Joseph ( INT-VE-1404 )', 'Leon Oswaldo ( INT-VE-545 )', 'Perez Adrian ( INT-VE-543 )', 'Reyes Armando ( INT-VE-544 )', 'Rodríguez Sánchez  Yonny Javier ( INT-VE-356 )']
INFO 2025-06-20 18:48:06,206 services 23413 140475850544704 🚀 Iniciando reporte ultra-optimizado para rango 2024-06-01 - 2025-06-30
INFO 2025-06-20 18:48:06,206 services 23413 140475850544704 📊 Rango de 395 días - Chunk processing
INFO 2025-06-20 18:48:06,206 services 23413 140475850544704 📦 Cache hit - retornando resultado cacheado
INFO 2025-06-20 18:48:06,207 views 23413 140475850544704 Reporte completado en 0.00 segundos para 7 técnicos
INFO 2025-06-20 18:48:06,207 basehttp 23413 140475850544704 "POST /generar-reporte/ HTTP/1.1" 200 2242
INFO 2025-06-20 18:48:09,631 basehttp 23413 140475842152000 "POST /generar-tendencia-sla/ HTTP/1.1" 200 1982
INFO 2025-06-20 18:48:27,599 views 23413 140475842152000 Generando reporte principal para fechas 2025-06-01 a 2025-06-30 (30 días) y técnicos: ['Aldama Josfren ( INT-VE-632 )', 'Arteaga Daniel ( INT-VE-439)', 'Chain Joseph ( INT-VE-1404 )', 'Leon Oswaldo ( INT-VE-545 )', 'Perez Adrian ( INT-VE-543 )', 'Reyes Armando ( INT-VE-544 )', 'Rodríguez Sánchez  Yonny Javier ( INT-VE-356 )']
INFO 2025-06-20 18:48:27,599 services 23413 140475842152000 🚀 Iniciando reporte ultra-optimizado para rango 2025-06-01 - 2025-06-30
INFO 2025-06-20 18:48:27,599 services 23413 140475842152000 📊 Rango de 30 días - Single query
INFO 2025-06-20 18:48:27,600 services 23413 140475842152000 📦 Cache hit - retornando resultado cacheado
INFO 2025-06-20 18:48:27,600 views 23413 140475842152000 Reporte completado en 0.00 segundos para 7 técnicos
INFO 2025-06-20 18:48:27,601 basehttp 23413 140475842152000 "POST /generar-reporte/ HTTP/1.1" 200 2202
INFO 2025-06-20 18:49:12,064 views 23413 140475842152000 Usuario 28492679 cerrando sesión.
INFO 2025-06-20 18:49:12,247 basehttp 23413 140475842152000 "GET /logout/ HTTP/1.1" 302 0
INFO 2025-06-20 18:49:12,253 basehttp 23413 140475842152000 "GET /login/ HTTP/1.1" 200 16313
INFO 2025-06-20 18:49:13,995 auth_backend 23413 140475842152000 Credenciales GLPI válidas para usuario 28492679.
INFO 2025-06-20 18:49:14,085 auth_backend 23413 140475842152000 Usuario 28492679 añadido/asegurado en grupo Django 'Perfil Requerido'.
INFO 2025-06-20 18:49:14,227 views 23413 140475842152000 Inicio de sesión exitoso para el usuario 28492679.
INFO 2025-06-20 18:49:14,302 basehttp 23413 140475842152000 "POST /login/ HTTP/1.1" 302 0
INFO 2025-06-20 18:49:14,608 basehttp 23413 140475842152000 "GET / HTTP/1.1" 200 94607
INFO 2025-06-20 18:49:15,231 basehttp 23413 140475842152000 "GET /tecnicos/ HTTP/1.1" 200 11311
INFO 2025-06-20 18:49:40,934 basehttp 23413 140475842152000 "GET /obtener-grupos/ HTTP/1.1" 200 557
INFO 2025-06-20 18:49:43,517 basehttp 23413 140475842152000 "GET /obtener-subgrupos/?grupo_id=122 HTTP/1.1" 200 450
INFO 2025-06-20 18:49:44,845 basehttp 23413 140475842152000 "GET /obtener-tecnicos-por-subgrupo/?subgrupo_id=11 HTTP/1.1" 200 433
INFO 2025-06-20 18:49:58,395 basehttp 23413 140475842152000 "GET / HTTP/1.1" 200 93280
INFO 2025-06-20 18:49:58,993 basehttp 23413 140475842152000 "GET /tecnicos/ HTTP/1.1" 200 11311
INFO 2025-06-20 18:50:18,445 autoreload 25357 140240353039552 Watching for file changes with StatReloader
INFO 2025-06-20 18:50:21,745 basehttp 25357 140239654139456 "HEAD / HTTP/1.1" 302 0
INFO 2025-06-20 18:50:27,489 basehttp 23413 140475842152000 "GET / HTTP/1.1" 200 93263
INFO 2025-06-20 18:50:27,988 basehttp 23413 140475842152000 "GET /tecnicos/ HTTP/1.1" 200 11311
INFO 2025-06-20 18:50:33,608 views 23413 140475842152000 Usuario 28492679 cerrando sesión.
INFO 2025-06-20 18:50:33,700 basehttp 23413 140475842152000 "GET /logout/ HTTP/1.1" 302 0
INFO 2025-06-20 18:50:33,706 basehttp 23413 140475842152000 "GET /login/ HTTP/1.1" 200 16313
INFO 2025-06-20 18:50:35,576 auth_backend 23413 140475842152000 Credenciales GLPI válidas para usuario 28492679.
INFO 2025-06-20 18:50:35,650 auth_backend 23413 140475842152000 Usuario 28492679 añadido/asegurado en grupo Django 'Perfil Requerido'.
INFO 2025-06-20 18:50:35,811 views 23413 140475842152000 Inicio de sesión exitoso para el usuario 28492679.
INFO 2025-06-20 18:50:35,880 basehttp 23413 140475842152000 "POST /login/ HTTP/1.1" 302 0
INFO 2025-06-20 18:50:36,205 basehttp 23413 140475842152000 "GET / HTTP/1.1" 200 93263
INFO 2025-06-20 18:50:36,674 basehttp 23413 140475842152000 "GET /tecnicos/ HTTP/1.1" 200 11311
INFO 2025-06-20 18:50:48,456 basehttp 23413 140475842152000 "GET /obtener-grupos/ HTTP/1.1" 200 557
INFO 2025-06-20 18:50:50,844 basehttp 23413 140475842152000 "GET /obtener-subgrupos/?grupo_id=122 HTTP/1.1" 200 450
INFO 2025-06-20 18:50:53,075 basehttp 23413 140475842152000 "GET /obtener-tecnicos-por-subgrupo/?subgrupo_id=11 HTTP/1.1" 200 433
INFO 2025-06-20 18:50:54,034 views 23413 140475842152000 Generando reporte principal para fechas 2025-06-01 a 2025-06-30 (30 días) y técnicos: ['Aldama Josfren ( INT-VE-632 )', 'Arteaga Daniel ( INT-VE-439)', 'Chain Joseph ( INT-VE-1404 )', 'Leon Oswaldo ( INT-VE-545 )', 'Perez Adrian ( INT-VE-543 )', 'Reyes Armando ( INT-VE-544 )', 'Rodríguez Sánchez  Yonny Javier ( INT-VE-356 )']
INFO 2025-06-20 18:50:54,035 services 23413 140475842152000 🚀 Iniciando reporte ultra-optimizado para rango 2025-06-01 - 2025-06-30
INFO 2025-06-20 18:50:54,035 services 23413 140475842152000 📊 Rango de 30 días - Single query
INFO 2025-06-20 18:50:54,036 services 23413 140475842152000 📦 Cache hit - retornando resultado cacheado
INFO 2025-06-20 18:50:54,037 views 23413 140475842152000 Reporte completado en 0.00 segundos para 7 técnicos
INFO 2025-06-20 18:50:54,038 basehttp 23413 140475842152000 "POST /generar-reporte/ HTTP/1.1" 200 2202
INFO 2025-06-20 18:51:02,504 views 23413 140475842152000 Generando reporte principal para fechas 2025-01-01 a 2025-06-30 (181 días) y técnicos: ['Aldama Josfren ( INT-VE-632 )', 'Arteaga Daniel ( INT-VE-439)', 'Chain Joseph ( INT-VE-1404 )', 'Leon Oswaldo ( INT-VE-545 )', 'Perez Adrian ( INT-VE-543 )', 'Reyes Armando ( INT-VE-544 )', 'Rodríguez Sánchez  Yonny Javier ( INT-VE-356 )']
INFO 2025-06-20 18:51:02,504 services 23413 140475842152000 🚀 Iniciando reporte ultra-optimizado para rango 2025-01-01 - 2025-06-30
INFO 2025-06-20 18:51:02,504 services 23413 140475842152000 📊 Rango de 181 días - Chunk processing
INFO 2025-06-20 18:51:02,505 services 23413 140475842152000 📊 Procesando 3 chunks de datos
INFO 2025-06-20 18:51:02,505 services 23413 140475842152000 🔄 Procesamiento paralelo de 3 chunks
INFO 2025-06-20 18:51:02,505 services 23413 140475842152000 📦 Procesando lote 1/1
INFO 2025-06-20 18:51:02,506 services 23413 140475763783232 🔄 Procesando chunk: 2025-01-01 a 2025-03-31
INFO 2025-06-20 18:51:02,507 services 23413 140475755390528 🔄 Procesando chunk: 2025-04-01 a 2025-06-29
INFO 2025-06-20 18:51:02,507 services 23413 140475713427008 🔄 Procesando chunk: 2025-06-30 a 2025-06-30
ERROR 2025-06-20 18:51:33,384 services 23413 140475763783232 ❌ Error en consulta recibidos para chunk 2025-01-01-2025-03-31: 
ERROR 2025-06-20 18:51:33,426 services 23413 140475713427008 ❌ Error en consulta recibidos para chunk 2025-06-30-2025-06-30: 
ERROR 2025-06-20 18:51:33,432 services 23413 140475755390528 ❌ Error en consulta recibidos para chunk 2025-04-01-2025-06-29: 
DEBUG 2025-06-20 18:51:33,639 services 23413 140475713427008 ✅ Consulta cerrados completada para chunk 2025-06-30-2025-06-30
DEBUG 2025-06-20 18:51:33,639 services 23413 140475713427008 ✅ Consulta sla completada para chunk 2025-06-30-2025-06-30
DEBUG 2025-06-20 18:51:33,640 services 23413 140475713427008 ✅ Consulta reabiertos completada para chunk 2025-06-30-2025-06-30
DEBUG 2025-06-20 18:51:33,665 services 23413 140475763783232 ✅ Consulta cerrados completada para chunk 2025-01-01-2025-03-31
DEBUG 2025-06-20 18:51:33,668 services 23413 140475763783232 ✅ Consulta sla completada para chunk 2025-01-01-2025-03-31
DEBUG 2025-06-20 18:51:33,668 services 23413 140475763783232 ✅ Consulta reabiertos completada para chunk 2025-01-01-2025-03-31
DEBUG 2025-06-20 18:51:33,859 services 23413 140475755390528 ✅ Consulta cerrados completada para chunk 2025-04-01-2025-06-29
DEBUG 2025-06-20 18:51:33,863 services 23413 140475755390528 ✅ Consulta sla completada para chunk 2025-04-01-2025-06-29
DEBUG 2025-06-20 18:51:33,863 services 23413 140475755390528 ✅ Consulta reabiertos completada para chunk 2025-04-01-2025-06-29
INFO 2025-06-20 18:51:33,878 services 23413 140475842152000 💾 Resultado guardado en cache por 120 minutos
INFO 2025-06-20 18:51:33,878 services 23413 140475842152000 ✅ Reporte ultra-optimizado completado en 31.37 segundos
INFO 2025-06-20 18:51:33,879 services 23413 140475842152000 📈 Procesados 7 técnicos en 3 chunks
INFO 2025-06-20 18:51:33,879 views 23413 140475842152000 Reporte completado en 31.37 segundos para 7 técnicos
INFO 2025-06-20 18:51:33,879 basehttp 23413 140475842152000 "POST /generar-reporte/ HTTP/1.1" 200 2228
INFO 2025-06-20 18:53:21,656 autoreload 25357 140240353039552 /home/oleon/Escritorio/reporte_glpi_django/metricas/services.py changed, reloading.
INFO 2025-06-20 18:53:22,037 autoreload 25820 140497925944512 Watching for file changes with StatReloader
INFO 2025-06-20 18:53:22,205 autoreload 23413 140476549452992 /home/oleon/Escritorio/reporte_glpi_django/metricas/services.py changed, reloading.
INFO 2025-06-20 18:53:22,535 autoreload 25833 140210344912064 Watching for file changes with StatReloader
INFO 2025-06-20 18:54:06,398 autoreload 25820 140497925944512 /home/oleon/Escritorio/reporte_glpi_django/metricas/services.py changed, reloading.
INFO 2025-06-20 18:54:06,745 autoreload 25833 140210344912064 /home/oleon/Escritorio/reporte_glpi_django/metricas/services.py changed, reloading.
INFO 2025-06-20 18:54:06,761 autoreload 25941 140330192340160 Watching for file changes with StatReloader
INFO 2025-06-20 18:54:07,123 autoreload 25954 140654781273280 Watching for file changes with StatReloader
INFO 2025-06-20 18:55:27,305 views 25954 140654082377280 Usuario 28492679 cerrando sesión.
INFO 2025-06-20 18:55:27,375 basehttp 25954 140654082377280 "GET /logout/ HTTP/1.1" 302 0
INFO 2025-06-20 18:55:27,384 basehttp 25954 140654082377280 "GET /login/ HTTP/1.1" 200 16313
INFO 2025-06-20 18:55:28,810 auth_backend 25954 140654082377280 Credenciales GLPI válidas para usuario 28492679.
INFO 2025-06-20 18:55:28,882 auth_backend 25954 140654082377280 Usuario 28492679 añadido/asegurado en grupo Django 'Perfil Requerido'.
INFO 2025-06-20 18:55:29,132 views 25954 140654082377280 Inicio de sesión exitoso para el usuario 28492679.
INFO 2025-06-20 18:55:29,211 basehttp 25954 140654082377280 "POST /login/ HTTP/1.1" 302 0
INFO 2025-06-20 18:55:29,533 basehttp 25954 140654082377280 "GET / HTTP/1.1" 200 93263
INFO 2025-06-20 18:55:30,315 basehttp 25954 140654082377280 "GET /tecnicos/ HTTP/1.1" 200 11311
INFO 2025-06-20 18:55:32,411 basehttp 25954 140654082377280 "GET /obtener-grupos/ HTTP/1.1" 200 557
INFO 2025-06-20 18:55:36,443 basehttp 25954 140654082377280 "GET /obtener-subgrupos/?grupo_id=122 HTTP/1.1" 200 450
INFO 2025-06-20 18:55:37,674 basehttp 25954 140654082377280 "GET /obtener-tecnicos-por-subgrupo/?subgrupo_id=11 HTTP/1.1" 200 433
INFO 2025-06-20 18:55:39,023 views 25954 140654082377280 Generando reporte principal para fechas 2025-06-01 a 2025-06-30 (30 días) y técnicos: ['Aldama Josfren ( INT-VE-632 )', 'Arteaga Daniel ( INT-VE-439)', 'Chain Joseph ( INT-VE-1404 )', 'Leon Oswaldo ( INT-VE-545 )', 'Perez Adrian ( INT-VE-543 )', 'Reyes Armando ( INT-VE-544 )', 'Rodríguez Sánchez  Yonny Javier ( INT-VE-356 )']
INFO 2025-06-20 18:55:39,023 services 25954 140654082377280 🚀 Iniciando reporte ultra-optimizado para rango 2025-06-01 - 2025-06-30
INFO 2025-06-20 18:55:39,024 services 25954 140654082377280 📊 Rango de 30 días - Single query
INFO 2025-06-20 18:55:39,024 services 25954 140654082377280 📊 Procesando 1 chunks de datos
INFO 2025-06-20 18:55:39,024 services 25954 140654082377280 ⚡ Procesamiento directo (rango pequeño)
INFO 2025-06-20 18:55:39,025 services 25954 140654082377280 🔄 Procesando chunk: 2025-06-01 a 2025-06-30
DEBUG 2025-06-20 18:55:50,047 services 25954 140654082377280 ✅ Consulta recibidos completada para chunk 2025-06-01-2025-06-30
DEBUG 2025-06-20 18:55:50,054 services 25954 140654082377280 ✅ Consulta cerrados completada para chunk 2025-06-01-2025-06-30
DEBUG 2025-06-20 18:55:50,057 services 25954 140654082377280 ✅ Consulta sla completada para chunk 2025-06-01-2025-06-30
DEBUG 2025-06-20 18:55:50,058 services 25954 140654082377280 ✅ Consulta reabiertos completada para chunk 2025-06-01-2025-06-30
INFO 2025-06-20 18:55:50,097 services 25954 140654082377280 💾 Resultado guardado en cache por 60 minutos
INFO 2025-06-20 18:55:50,097 services 25954 140654082377280 ✅ Reporte ultra-optimizado completado en 11.07 segundos
INFO 2025-06-20 18:55:50,097 services 25954 140654082377280 📈 Procesados 7 técnicos en 1 chunks
INFO 2025-06-20 18:55:50,098 views 25954 140654082377280 Reporte completado en 11.07 segundos para 7 técnicos
INFO 2025-06-20 18:55:50,099 basehttp 25954 140654082377280 "POST /generar-reporte/ HTTP/1.1" 200 2184
INFO 2025-06-20 18:56:08,530 autoreload 25954 140654781273280 /home/oleon/Escritorio/reporte_glpi_django/metricas/services.py changed, reloading.
INFO 2025-06-20 18:56:08,905 autoreload 25941 140330192340160 /home/oleon/Escritorio/reporte_glpi_django/metricas/services.py changed, reloading.
INFO 2025-06-20 18:56:08,997 autoreload 26308 139692434326720 Watching for file changes with StatReloader
INFO 2025-06-20 18:56:09,320 autoreload 26321 140213053854912 Watching for file changes with StatReloader
INFO 2025-06-20 18:57:00,560 autoreload 26308 139692434326720 /home/oleon/Escritorio/reporte_glpi_django/metricas/services.py changed, reloading.
INFO 2025-06-20 18:57:00,766 autoreload 26321 140213053854912 /home/oleon/Escritorio/reporte_glpi_django/metricas/services.py changed, reloading.
INFO 2025-06-20 18:57:00,897 autoreload 26474 140703697269952 Watching for file changes with StatReloader
INFO 2025-06-20 18:57:01,164 autoreload 26476 139841019327680 Watching for file changes with StatReloader
INFO 2025-06-20 18:57:09,863 basehttp 26476 139840320357952 "HEAD / HTTP/1.1" 302 0
INFO 2025-06-20 18:57:16,022 autoreload 26617 140334019126464 Watching for file changes with StatReloader
INFO 2025-06-20 18:57:30,968 views 26617 140333320287808 Usuario 28492679 cerrando sesión.
INFO 2025-06-20 18:57:31,056 basehttp 26617 140333320287808 "GET /logout/ HTTP/1.1" 302 0
INFO 2025-06-20 18:57:31,067 basehttp 26617 140333320287808 "GET /login/ HTTP/1.1" 200 16313
INFO 2025-06-20 18:57:32,749 auth_backend 26617 140333320287808 Credenciales GLPI válidas para usuario 28492679.
INFO 2025-06-20 18:57:32,821 auth_backend 26617 140333320287808 Usuario 28492679 añadido/asegurado en grupo Django 'Perfil Requerido'.
INFO 2025-06-20 18:57:33,063 views 26617 140333320287808 Inicio de sesión exitoso para el usuario 28492679.
INFO 2025-06-20 18:57:33,138 basehttp 26617 140333320287808 "POST /login/ HTTP/1.1" 302 0
INFO 2025-06-20 18:57:33,448 basehttp 26617 140333320287808 "GET / HTTP/1.1" 200 93263
INFO 2025-06-20 18:57:34,145 basehttp 26617 140333320287808 "GET /tecnicos/ HTTP/1.1" 200 11311
INFO 2025-06-20 18:57:38,252 basehttp 26617 140333320287808 "GET /obtener-grupos/ HTTP/1.1" 200 557
INFO 2025-06-20 18:57:41,380 basehttp 26617 140333320287808 "GET /obtener-subgrupos/?grupo_id=122 HTTP/1.1" 200 450
INFO 2025-06-20 18:57:43,750 basehttp 26617 140333320287808 "GET /obtener-tecnicos-por-subgrupo/?subgrupo_id=11 HTTP/1.1" 200 433
INFO 2025-06-20 18:57:44,115 basehttp 26617 140333320287808 "GET /obtener-tecnicos-por-subgrupo/?subgrupo_id=11 HTTP/1.1" 200 433
INFO 2025-06-20 18:57:45,271 views 26617 140333320287808 Generando reporte principal para fechas 2025-06-01 a 2025-06-30 (30 días) y técnicos: ['Aldama Josfren ( INT-VE-632 )', 'Arteaga Daniel ( INT-VE-439)', 'Chain Joseph ( INT-VE-1404 )', 'Leon Oswaldo ( INT-VE-545 )', 'Perez Adrian ( INT-VE-543 )', 'Reyes Armando ( INT-VE-544 )', 'Rodríguez Sánchez  Yonny Javier ( INT-VE-356 )']
INFO 2025-06-20 18:57:45,272 services 26617 140333320287808 🚀 Iniciando reporte ultra-optimizado para rango 2025-06-01 - 2025-06-30
INFO 2025-06-20 18:57:45,272 services 26617 140333320287808 📊 Rango de 30 días - Single query
INFO 2025-06-20 18:57:45,272 services 26617 140333320287808 📊 Procesando 1 chunks de datos
INFO 2025-06-20 18:57:45,273 services 26617 140333320287808 ⚡ Procesamiento directo (rango pequeño)
INFO 2025-06-20 18:57:45,273 services 26617 140333320287808 🔄 Procesando chunk: 2025-06-01 a 2025-06-30
WARNING 2025-06-20 18:57:46,490 services 26617 140333081945664 ⚠️ Reintento 1/2 para _execute_optimized_query_sla_metrics: Not all parameters were used in the SQL statement
WARNING 2025-06-20 18:57:47,798 services 26617 140333081945664 ⚠️ Reintento 2/2 para _execute_optimized_query_sla_metrics: Not all parameters were used in the SQL statement
ERROR 2025-06-20 18:57:49,099 services 26617 140333081945664 ❌ Función _execute_optimized_query_sla_metrics falló después de 2 reintentos: Not all parameters were used in the SQL statement
DEBUG 2025-06-20 18:57:57,488 services 26617 140333320287808 ✅ Consulta recibidos completada para chunk 2025-06-01-2025-06-30
DEBUG 2025-06-20 18:57:57,490 services 26617 140333320287808 ✅ Consulta cerrados completada para chunk 2025-06-01-2025-06-30
ERROR 2025-06-20 18:57:57,490 services 26617 140333320287808 ❌ Error en consulta sla para chunk 2025-06-01-2025-06-30: Not all parameters were used in the SQL statement
DEBUG 2025-06-20 18:57:57,490 services 26617 140333320287808 ✅ Consulta reabiertos completada para chunk 2025-06-01-2025-06-30
INFO 2025-06-20 18:57:57,500 services 26617 140333320287808 💾 Resultado guardado en cache por 60 minutos
INFO 2025-06-20 18:57:57,501 services 26617 140333320287808 ✅ Reporte ultra-optimizado completado en 12.23 segundos
INFO 2025-06-20 18:57:57,501 services 26617 140333320287808 📈 Procesados 7 técnicos en 1 chunks
INFO 2025-06-20 18:57:57,501 views 26617 140333320287808 Reporte completado en 12.23 segundos para 7 técnicos
INFO 2025-06-20 18:57:57,502 basehttp 26617 140333320287808 "POST /generar-reporte/ HTTP/1.1" 200 2114
INFO 2025-06-20 18:58:24,401 autoreload 26617 140334019126464 /home/oleon/Escritorio/reporte_glpi_django/metricas/services.py changed, reloading.
INFO 2025-06-20 18:58:24,554 autoreload 26476 139841019327680 /home/oleon/Escritorio/reporte_glpi_django/metricas/services.py changed, reloading.
INFO 2025-06-20 18:58:25,390 autoreload 26922 140672955253952 Watching for file changes with StatReloader
INFO 2025-06-20 18:58:25,391 autoreload 26919 140076031616192 Watching for file changes with StatReloader
INFO 2025-06-20 18:59:25,250 autoreload 26922 140672955253952 /home/oleon/Escritorio/reporte_glpi_django/metricas/services.py changed, reloading.
INFO 2025-06-20 18:59:25,261 autoreload 26919 140076031616192 /home/oleon/Escritorio/reporte_glpi_django/metricas/services.py changed, reloading.
INFO 2025-06-20 18:59:25,764 autoreload 27151 139667087418560 Watching for file changes with StatReloader
INFO 2025-06-20 18:59:25,776 autoreload 27152 140264444650688 Watching for file changes with StatReloader
INFO 2025-06-20 18:59:46,678 autoreload 27152 140264444650688 /home/oleon/Escritorio/reporte_glpi_django/metricas/services.py changed, reloading.
INFO 2025-06-20 18:59:46,777 autoreload 27151 139667087418560 /home/oleon/Escritorio/reporte_glpi_django/metricas/services.py changed, reloading.
INFO 2025-06-20 18:59:47,121 autoreload 27370 140534573483200 Watching for file changes with StatReloader
INFO 2025-06-20 18:59:47,132 autoreload 27369 140382449317056 Watching for file changes with StatReloader
INFO 2025-06-20 19:00:42,698 views 27369 140381750478400 Generando reporte principal para fechas 2025-06-01 a 2025-06-30 (30 días) y técnicos: ['Aldama Josfren ( INT-VE-632 )', 'Arteaga Daniel ( INT-VE-439)', 'Chain Joseph ( INT-VE-1404 )', 'Leon Oswaldo ( INT-VE-545 )', 'Perez Adrian ( INT-VE-543 )', 'Reyes Armando ( INT-VE-544 )', 'Rodríguez Sánchez  Yonny Javier ( INT-VE-356 )']
INFO 2025-06-20 19:00:42,698 services 27369 140381750478400 🚀 Iniciando reporte ultra-optimizado para rango 2025-06-01 - 2025-06-30
INFO 2025-06-20 19:00:42,698 services 27369 140381750478400 📊 Rango de 30 días - Single query
INFO 2025-06-20 19:00:42,699 services 27369 140381750478400 📊 Procesando 1 chunks de datos
INFO 2025-06-20 19:00:42,699 services 27369 140381750478400 ⚡ Procesamiento directo (rango pequeño)
INFO 2025-06-20 19:00:42,699 services 27369 140381750478400 🔄 Procesando chunk: 2025-06-01 a 2025-06-30
DEBUG 2025-06-20 19:00:55,196 services 27369 140381750478400 ✅ Consulta recibidos completada para chunk 2025-06-01-2025-06-30
DEBUG 2025-06-20 19:00:55,196 services 27369 140381750478400 ✅ Consulta cerrados completada para chunk 2025-06-01-2025-06-30
DEBUG 2025-06-20 19:00:55,202 services 27369 140381750478400 ✅ Consulta sla completada para chunk 2025-06-01-2025-06-30
DEBUG 2025-06-20 19:00:55,203 services 27369 140381750478400 ✅ Consulta reabiertos completada para chunk 2025-06-01-2025-06-30
INFO 2025-06-20 19:00:55,256 services 27369 140381750478400 💾 Resultado guardado en cache por 60 minutos
INFO 2025-06-20 19:00:55,256 services 27369 140381750478400 ✅ Reporte ultra-optimizado completado en 12.56 segundos
INFO 2025-06-20 19:00:55,256 services 27369 140381750478400 📈 Procesados 7 técnicos en 1 chunks
INFO 2025-06-20 19:00:55,256 views 27369 140381750478400 Reporte completado en 12.56 segundos para 7 técnicos
INFO 2025-06-20 19:00:55,258 basehttp 27369 140381750478400 "POST /generar-reporte/ HTTP/1.1" 200 2204
INFO 2025-06-20 19:02:13,996 autoreload 27370 140534573483200 /home/oleon/Escritorio/reporte_glpi_django/metricas/services.py changed, reloading.
INFO 2025-06-20 19:02:14,336 autoreload 27936 140314373731520 Watching for file changes with StatReloader
INFO 2025-06-20 19:02:14,436 autoreload 27369 140382449317056 /home/oleon/Escritorio/reporte_glpi_django/metricas/services.py changed, reloading.
INFO 2025-06-20 19:02:14,778 autoreload 27949 139693945947328 Watching for file changes with StatReloader
INFO 2025-06-20 19:03:07,360 autoreload 27949 139693945947328 /home/oleon/Escritorio/reporte_glpi_django/metricas/services.py changed, reloading.
INFO 2025-06-20 19:03:07,718 autoreload 28057 139687219557568 Watching for file changes with StatReloader
INFO 2025-06-20 19:03:08,055 autoreload 27936 140314373731520 /home/oleon/Escritorio/reporte_glpi_django/metricas/services.py changed, reloading.
INFO 2025-06-20 19:03:08,369 autoreload 28070 140403707233472 Watching for file changes with StatReloader
INFO 2025-06-20 19:03:51,711 basehttp 28057 139686520600128 "GET / HTTP/1.1" 200 93263
INFO 2025-06-20 19:03:52,318 basehttp 28057 139686520600128 "GET /tecnicos/ HTTP/1.1" 200 11311
INFO 2025-06-20 19:04:03,943 basehttp 28057 139686520600128 "GET /obtener-grupos/ HTTP/1.1" 200 557
INFO 2025-06-20 19:04:06,085 basehttp 28057 139686520600128 "GET /obtener-subgrupos/?grupo_id=122 HTTP/1.1" 200 450
INFO 2025-06-20 19:04:07,400 basehttp 28057 139686520600128 "GET /obtener-tecnicos-por-subgrupo/?subgrupo_id=11 HTTP/1.1" 200 433
INFO 2025-06-20 19:04:10,858 views 28057 139686520600128 Generando reporte principal para fechas 2025-01-01 a 2025-06-30 (181 días) y técnicos: ['Aldama Josfren ( INT-VE-632 )', 'Arteaga Daniel ( INT-VE-439)', 'Chain Joseph ( INT-VE-1404 )', 'Leon Oswaldo ( INT-VE-545 )', 'Perez Adrian ( INT-VE-543 )', 'Reyes Armando ( INT-VE-544 )', 'Rodríguez Sánchez  Yonny Javier ( INT-VE-356 )']
INFO 2025-06-20 19:04:10,858 services 28057 139686520600128 🚀 Iniciando reporte ultra-optimizado para rango 2025-01-01 - 2025-06-30
INFO 2025-06-20 19:04:10,858 services 28057 139686520600128 📊 Rango de 181 días - Chunk processing
INFO 2025-06-20 19:04:10,859 services 28057 139686520600128 📊 Procesando 3 chunks de datos
INFO 2025-06-20 19:04:10,859 services 28057 139686520600128 🔄 Procesamiento paralelo de 3 chunks
INFO 2025-06-20 19:04:10,859 services 28057 139686520600128 📦 Procesando lote 1/1
INFO 2025-06-20 19:04:10,860 services 28057 139686429324864 🔄 Procesando chunk: 2025-01-01 a 2025-03-31
INFO 2025-06-20 19:04:10,860 services 28057 139686420932160 🔄 Procesando chunk: 2025-04-01 a 2025-06-29
INFO 2025-06-20 19:04:10,861 services 28057 139686412539456 🔄 Procesando chunk: 2025-06-30 a 2025-06-30
DEBUG 2025-06-20 19:04:40,105 services 28057 139686412539456 ✅ Consulta recibidos completada para chunk 2025-06-30-2025-06-30
DEBUG 2025-06-20 19:04:40,110 services 28057 139686412539456 ✅ Consulta cerrados completada para chunk 2025-06-30-2025-06-30
DEBUG 2025-06-20 19:04:40,110 services 28057 139686412539456 ✅ Consulta sla completada para chunk 2025-06-30-2025-06-30
DEBUG 2025-06-20 19:04:40,110 services 28057 139686412539456 ✅ Consulta reabiertos completada para chunk 2025-06-30-2025-06-30
DEBUG 2025-06-20 19:04:40,124 services 28057 139686429324864 ✅ Consulta recibidos completada para chunk 2025-01-01-2025-03-31
DEBUG 2025-06-20 19:04:40,125 services 28057 139686429324864 ✅ Consulta cerrados completada para chunk 2025-01-01-2025-03-31
DEBUG 2025-06-20 19:04:40,125 services 28057 139686429324864 ✅ Consulta sla completada para chunk 2025-01-01-2025-03-31
DEBUG 2025-06-20 19:04:40,126 services 28057 139686429324864 ✅ Consulta reabiertos completada para chunk 2025-01-01-2025-03-31
DEBUG 2025-06-20 19:04:40,133 services 28057 139686420932160 ✅ Consulta recibidos completada para chunk 2025-04-01-2025-06-29
DEBUG 2025-06-20 19:04:40,133 services 28057 139686420932160 ✅ Consulta cerrados completada para chunk 2025-04-01-2025-06-29
DEBUG 2025-06-20 19:04:40,134 services 28057 139686420932160 ✅ Consulta sla completada para chunk 2025-04-01-2025-06-29
DEBUG 2025-06-20 19:04:40,134 services 28057 139686420932160 ✅ Consulta reabiertos completada para chunk 2025-04-01-2025-06-29
INFO 2025-06-20 19:04:40,225 services 28057 139686520600128 💾 Resultado guardado en cache por 120 minutos
INFO 2025-06-20 19:04:40,226 services 28057 139686520600128 ✅ Reporte ultra-optimizado completado en 29.37 segundos
INFO 2025-06-20 19:04:40,226 services 28057 139686520600128 📈 Procesados 7 técnicos en 3 chunks
INFO 2025-06-20 19:04:40,226 views 28057 139686520600128 Reporte completado en 29.37 segundos para 7 técnicos
INFO 2025-06-20 19:04:40,227 basehttp 28057 139686520600128 "POST /generar-reporte/ HTTP/1.1" 200 2242
INFO 2025-06-20 19:05:18,015 views 28057 139686520600128 Generando reporte principal para fechas 2025-06-01 a 2025-06-30 (30 días) y técnicos: ['Leon Oswaldo ( INT-VE-545 )']
INFO 2025-06-20 19:05:18,015 services 28057 139686520600128 🚀 Iniciando reporte ultra-optimizado para rango 2025-06-01 - 2025-06-30
INFO 2025-06-20 19:05:18,016 services 28057 139686520600128 📊 Rango de 30 días - Single query
INFO 2025-06-20 19:05:18,016 services 28057 139686520600128 📊 Procesando 1 chunks de datos
INFO 2025-06-20 19:05:18,016 services 28057 139686520600128 ⚡ Procesamiento directo (rango pequeño)
INFO 2025-06-20 19:05:18,016 services 28057 139686520600128 🔄 Procesando chunk: 2025-06-01 a 2025-06-30
INFO 2025-06-20 19:05:28,304 views 28057 139686404146752 Generando reporte principal para fechas 2025-01-01 a 2025-06-30 (181 días) y técnicos: ['Leon Oswaldo ( INT-VE-545 )']
INFO 2025-06-20 19:05:28,304 services 28057 139686404146752 🚀 Iniciando reporte ultra-optimizado para rango 2025-01-01 - 2025-06-30
INFO 2025-06-20 19:05:28,305 services 28057 139686404146752 📊 Rango de 181 días - Chunk processing
INFO 2025-06-20 19:05:28,306 services 28057 139686404146752 📊 Procesando 3 chunks de datos
INFO 2025-06-20 19:05:28,306 services 28057 139686404146752 🔄 Procesamiento paralelo de 3 chunks
INFO 2025-06-20 19:05:28,306 services 28057 139686404146752 📦 Procesando lote 1/1
INFO 2025-06-20 19:05:28,307 services 28057 139686395754048 🔄 Procesando chunk: 2025-01-01 a 2025-03-31
INFO 2025-06-20 19:05:28,309 services 28057 139686387361344 🔄 Procesando chunk: 2025-04-01 a 2025-06-29
INFO 2025-06-20 19:05:28,310 services 28057 139686378968640 🔄 Procesando chunk: 2025-06-30 a 2025-06-30
DEBUG 2025-06-20 19:05:31,006 services 28057 139686520600128 ✅ Consulta recibidos completada para chunk 2025-06-01-2025-06-30
DEBUG 2025-06-20 19:05:31,008 services 28057 139686520600128 ✅ Consulta cerrados completada para chunk 2025-06-01-2025-06-30
DEBUG 2025-06-20 19:05:31,010 services 28057 139686520600128 ✅ Consulta sla completada para chunk 2025-06-01-2025-06-30
DEBUG 2025-06-20 19:05:31,010 services 28057 139686520600128 ✅ Consulta reabiertos completada para chunk 2025-06-01-2025-06-30
INFO 2025-06-20 19:05:31,021 services 28057 139686520600128 💾 Resultado guardado en cache por 60 minutos
INFO 2025-06-20 19:05:31,022 services 28057 139686520600128 ✅ Reporte ultra-optimizado completado en 13.01 segundos
INFO 2025-06-20 19:05:31,022 services 28057 139686520600128 📈 Procesados 1 técnicos en 1 chunks
INFO 2025-06-20 19:05:31,022 views 28057 139686520600128 Reporte completado en 13.01 segundos para 1 técnicos
DEBUG 2025-06-20 19:05:53,656 services 28057 139686378968640 ✅ Consulta recibidos completada para chunk 2025-06-30-2025-06-30
DEBUG 2025-06-20 19:05:53,656 services 28057 139686378968640 ✅ Consulta cerrados completada para chunk 2025-06-30-2025-06-30
DEBUG 2025-06-20 19:05:53,656 services 28057 139686378968640 ✅ Consulta sla completada para chunk 2025-06-30-2025-06-30
DEBUG 2025-06-20 19:05:53,656 services 28057 139686378968640 ✅ Consulta reabiertos completada para chunk 2025-06-30-2025-06-30
DEBUG 2025-06-20 19:05:53,660 services 28057 139686395754048 ✅ Consulta recibidos completada para chunk 2025-01-01-2025-03-31
DEBUG 2025-06-20 19:05:53,660 services 28057 139686395754048 ✅ Consulta cerrados completada para chunk 2025-01-01-2025-03-31
DEBUG 2025-06-20 19:05:53,660 services 28057 139686395754048 ✅ Consulta sla completada para chunk 2025-01-01-2025-03-31
DEBUG 2025-06-20 19:05:53,660 services 28057 139686395754048 ✅ Consulta reabiertos completada para chunk 2025-01-01-2025-03-31
DEBUG 2025-06-20 19:05:53,676 services 28057 139686387361344 ✅ Consulta recibidos completada para chunk 2025-04-01-2025-06-29
DEBUG 2025-06-20 19:05:53,676 services 28057 139686387361344 ✅ Consulta cerrados completada para chunk 2025-04-01-2025-06-29
DEBUG 2025-06-20 19:05:53,677 services 28057 139686387361344 ✅ Consulta sla completada para chunk 2025-04-01-2025-06-29
DEBUG 2025-06-20 19:05:53,677 services 28057 139686387361344 ✅ Consulta reabiertos completada para chunk 2025-04-01-2025-06-29
INFO 2025-06-20 19:05:53,704 services 28057 139686404146752 💾 Resultado guardado en cache por 120 minutos
INFO 2025-06-20 19:05:53,705 services 28057 139686404146752 ✅ Reporte ultra-optimizado completado en 25.40 segundos
INFO 2025-06-20 19:05:53,705 services 28057 139686404146752 📈 Procesados 1 técnicos en 3 chunks
INFO 2025-06-20 19:05:53,705 views 28057 139686404146752 Reporte completado en 25.40 segundos para 1 técnicos
INFO 2025-06-20 19:05:53,706 basehttp 28057 139686404146752 "POST /generar-reporte/ HTTP/1.1" 200 416
INFO 2025-06-20 19:06:09,062 views 28057 139686404146752 Obteniendo tickets reabiertos para Leon Oswaldo ( INT-VE-545 ) entre 2025-01-01 y 2025-06-30
INFO 2025-06-20 19:06:09,917 basehttp 28057 139686404146752 "POST /tickets-reabiertos/ HTTP/1.1" 200 155
INFO 2025-06-20 19:06:28,062 views 28057 139686404146752 Generando reporte principal para fechas 2025-06-01 a 2025-06-30 (30 días) y técnicos: ['Leon Oswaldo ( INT-VE-545 )']
INFO 2025-06-20 19:06:28,063 services 28057 139686404146752 🚀 Iniciando reporte ultra-optimizado para rango 2025-06-01 - 2025-06-30
INFO 2025-06-20 19:06:28,063 services 28057 139686404146752 📊 Rango de 30 días - Single query
INFO 2025-06-20 19:06:28,063 services 28057 139686404146752 📦 Cache hit - retornando resultado cacheado
INFO 2025-06-20 19:06:28,063 views 28057 139686404146752 Reporte completado en 0.00 segundos para 1 técnicos
INFO 2025-06-20 19:06:28,064 basehttp 28057 139686404146752 "POST /generar-reporte/ HTTP/1.1" 200 408
INFO 2025-06-20 19:12:06,108 autoreload 28057 139687219557568 /home/oleon/Escritorio/reporte_glpi_django/metricas/services.py changed, reloading.
INFO 2025-06-20 19:12:06,860 autoreload 29411 140455142569152 Watching for file changes with StatReloader
INFO 2025-06-20 19:13:05,416 autoreload 29411 140455142569152 /home/oleon/Escritorio/reporte_glpi_django/metricas/services.py changed, reloading.
INFO 2025-06-20 19:13:05,743 autoreload 29563 139749619053760 Watching for file changes with StatReloader
INFO 2025-06-20 19:13:48,095 autoreload 29563 139749619053760 /home/oleon/Escritorio/reporte_glpi_django/metricas/services.py changed, reloading.
INFO 2025-06-20 19:13:48,471 autoreload 29658 140541443679424 Watching for file changes with StatReloader
INFO 2025-06-20 19:13:57,142 autoreload 29658 140541443679424 /home/oleon/Escritorio/reporte_glpi_django/metricas/views.py changed, reloading.
INFO 2025-06-20 19:13:57,552 autoreload 29709 140140182717632 Watching for file changes with StatReloader
INFO 2025-06-20 19:14:22,604 autoreload 29709 140140182717632 /home/oleon/Escritorio/reporte_glpi_django/metricas/views.py changed, reloading.
INFO 2025-06-20 19:14:22,939 autoreload 29755 140138583930048 Watching for file changes with StatReloader
INFO 2025-06-20 19:14:33,972 basehttp 29755 140137885046336 "GET / HTTP/1.1" 200 93263
INFO 2025-06-20 19:14:34,956 basehttp 29755 140137885046336 "GET /tecnicos/ HTTP/1.1" 200 11311
INFO 2025-06-20 19:14:38,493 basehttp 29755 140137885046336 "GET /obtener-grupos/ HTTP/1.1" 200 557
INFO 2025-06-20 19:14:41,892 basehttp 29755 140137885046336 "GET /obtener-subgrupos/?grupo_id=122 HTTP/1.1" 200 450
INFO 2025-06-20 19:14:43,325 basehttp 29755 140137885046336 "GET /obtener-tecnicos-por-subgrupo/?subgrupo_id=11 HTTP/1.1" 200 433
INFO 2025-06-20 19:14:44,478 views 29755 140137885046336 Generando reporte principal para fechas 2025-06-01 a 2025-06-30 (30 días) y técnicos: ['Aldama Josfren ( INT-VE-632 )', 'Arteaga Daniel ( INT-VE-439)', 'Chain Joseph ( INT-VE-1404 )', 'Leon Oswaldo ( INT-VE-545 )', 'Perez Adrian ( INT-VE-543 )', 'Reyes Armando ( INT-VE-544 )', 'Rodríguez Sánchez  Yonny Javier ( INT-VE-356 )']
INFO 2025-06-20 19:14:44,479 services 29755 140137885046336 🚀 Iniciando reporte ultra-optimizado para rango 2025-06-01 - 2025-06-30
INFO 2025-06-20 19:14:44,479 services 29755 140137885046336 📊 Rango de 30 días - Single query
INFO 2025-06-20 19:14:44,480 services 29755 140137885046336 📊 Procesando 1 chunks de datos
INFO 2025-06-20 19:14:44,480 services 29755 140137885046336 ⚡ Procesamiento directo (rango pequeño)
INFO 2025-06-20 19:14:44,480 services 29755 140137885046336 🔄 Procesando chunk: 2025-06-01 a 2025-06-30
DEBUG 2025-06-20 19:14:57,999 services 29755 140137885046336 ✅ Consulta recibidos completada para chunk 2025-06-01-2025-06-30
DEBUG 2025-06-20 19:14:58,002 services 29755 140137885046336 ✅ Consulta cerrados completada para chunk 2025-06-01-2025-06-30
DEBUG 2025-06-20 19:14:58,549 services 29755 140137885046336 ✅ Consulta sla completada para chunk 2025-06-01-2025-06-30
DEBUG 2025-06-20 19:14:58,549 services 29755 140137885046336 ✅ Consulta reabiertos completada para chunk 2025-06-01-2025-06-30
INFO 2025-06-20 19:14:58,586 services 29755 140137885046336 💾 Resultado guardado en cache por 60 minutos
INFO 2025-06-20 19:14:58,587 services 29755 140137885046336 ✅ Reporte ultra-optimizado completado en 14.11 segundos
INFO 2025-06-20 19:14:58,587 services 29755 140137885046336 📈 Procesados 7 técnicos en 1 chunks
INFO 2025-06-20 19:14:58,587 views 29755 140137885046336 Reporte completado en 14.11 segundos para 7 técnicos
INFO 2025-06-20 19:14:58,588 basehttp 29755 140137885046336 "POST /generar-reporte/ HTTP/1.1" 200 2184
INFO 2025-06-20 19:15:32,443 views 29755 140137885046336 Generando reporte principal para fechas 2024-12-01 a 2024-12-31 (31 días) y técnicos: ['Aldama Josfren ( INT-VE-632 )', 'Arteaga Daniel ( INT-VE-439)', 'Chain Joseph ( INT-VE-1404 )', 'Leon Oswaldo ( INT-VE-545 )', 'Perez Adrian ( INT-VE-543 )', 'Reyes Armando ( INT-VE-544 )', 'Rodríguez Sánchez  Yonny Javier ( INT-VE-356 )']
INFO 2025-06-20 19:15:32,443 services 29755 140137885046336 🚀 Iniciando reporte ultra-optimizado para rango 2024-12-01 - 2024-12-31
INFO 2025-06-20 19:15:32,444 services 29755 140137885046336 📊 Rango de 31 días - Single query
INFO 2025-06-20 19:15:32,445 services 29755 140137885046336 📊 Procesando 1 chunks de datos
INFO 2025-06-20 19:15:32,445 services 29755 140137885046336 ⚡ Procesamiento directo (rango pequeño)
INFO 2025-06-20 19:15:32,446 services 29755 140137885046336 🔄 Procesando chunk: 2024-12-01 a 2024-12-31
DEBUG 2025-06-20 19:15:44,301 services 29755 140137885046336 ✅ Consulta recibidos completada para chunk 2024-12-01-2024-12-31
DEBUG 2025-06-20 19:15:44,305 services 29755 140137885046336 ✅ Consulta cerrados completada para chunk 2024-12-01-2024-12-31
DEBUG 2025-06-20 19:15:44,306 services 29755 140137885046336 ✅ Consulta sla completada para chunk 2024-12-01-2024-12-31
DEBUG 2025-06-20 19:15:44,306 services 29755 140137885046336 ✅ Consulta reabiertos completada para chunk 2024-12-01-2024-12-31
INFO 2025-06-20 19:15:44,342 services 29755 140137885046336 💾 Resultado guardado en cache por 60 minutos
INFO 2025-06-20 19:15:44,342 services 29755 140137885046336 ✅ Reporte ultra-optimizado completado en 11.90 segundos
INFO 2025-06-20 19:15:44,342 services 29755 140137885046336 📈 Procesados 7 técnicos en 1 chunks
INFO 2025-06-20 19:15:44,342 views 29755 140137885046336 Reporte completado en 11.90 segundos para 7 técnicos
INFO 2025-06-20 19:15:44,343 basehttp 29755 140137885046336 "POST /generar-reporte/ HTTP/1.1" 200 2187
INFO 2025-06-20 19:19:24,008 autoreload 29755 140138583930048 /home/oleon/Escritorio/reporte_glpi_django/metricas/views.py changed, reloading.
INFO 2025-06-20 19:19:24,553 autoreload 30314 140608132510912 Watching for file changes with StatReloader
INFO 2025-06-20 19:20:39,759 autoreload 30314 140608132510912 /home/oleon/Escritorio/reporte_glpi_django/metricas/services.py changed, reloading.
INFO 2025-06-20 19:20:40,092 autoreload 30390 140123650921664 Watching for file changes with StatReloader
INFO 2025-06-20 19:20:59,633 basehttp 30390 140122951951936 "GET / HTTP/1.1" 200 93263
INFO 2025-06-20 19:21:00,494 basehttp 30390 140122951951936 "GET /tecnicos/ HTTP/1.1" 200 11311
INFO 2025-06-20 19:21:05,003 autoreload 30914 140344538576064 Watching for file changes with StatReloader
INFO 2025-06-20 19:21:06,396 basehttp 30914 140343840777792 "HEAD / HTTP/1.1" 302 0
INFO 2025-06-20 19:21:22,543 views 30390 140122951951936 Generando reporte principal para fechas 2025-06-01 a 2025-06-30 (30 días) y técnicos: ['Leon Oswaldo ( INT-VE-545 )']
INFO 2025-06-20 19:21:22,543 services 30390 140122951951936 🚀 Iniciando reporte ultra-optimizado para rango 2025-06-01 - 2025-06-30
INFO 2025-06-20 19:21:22,543 services 30390 140122951951936 📊 Rango de 30 días - Single query
INFO 2025-06-20 19:21:22,544 services 30390 140122951951936 📊 Procesando 1 chunks de datos
INFO 2025-06-20 19:21:22,544 services 30390 140122951951936 ⚡ Procesamiento directo (rango pequeño)
INFO 2025-06-20 19:21:22,544 services 30390 140122951951936 🔄 Procesando chunk: 2025-06-01 a 2025-06-30
DEBUG 2025-06-20 19:21:34,967 services 30390 140122951951936 ✅ Consulta recibidos completada para chunk 2025-06-01-2025-06-30
DEBUG 2025-06-20 19:21:34,972 services 30390 140122951951936 ✅ Consulta cerrados completada para chunk 2025-06-01-2025-06-30
DEBUG 2025-06-20 19:21:34,972 services 30390 140122951951936 ✅ Consulta sla completada para chunk 2025-06-01-2025-06-30
DEBUG 2025-06-20 19:21:34,972 services 30390 140122951951936 ✅ Consulta reabiertos completada para chunk 2025-06-01-2025-06-30
INFO 2025-06-20 19:21:34,998 services 30390 140122951951936 💾 Resultado guardado en cache por 60 minutos
INFO 2025-06-20 19:21:34,999 services 30390 140122951951936 ✅ Reporte ultra-optimizado completado en 12.46 segundos
INFO 2025-06-20 19:21:34,999 services 30390 140122951951936 📈 Procesados 1 técnicos en 1 chunks
INFO 2025-06-20 19:21:34,999 views 30390 140122951951936 Reporte completado en 12.46 segundos para 1 técnicos
INFO 2025-06-20 19:21:35,000 basehttp 30390 140122951951936 "POST /generar-reporte/ HTTP/1.1" 200 411
INFO 2025-06-20 19:21:43,055 autoreload 30390 140123650921664 /home/oleon/Escritorio/reporte_glpi_django/metricas/services.py changed, reloading.
INFO 2025-06-20 19:21:43,399 autoreload 31119 139936922215616 Watching for file changes with StatReloader
INFO 2025-06-20 19:21:57,749 autoreload 31194 140704888444096 Watching for file changes with StatReloader
INFO 2025-06-20 19:22:00,518 basehttp 31194 140704189486656 "GET / HTTP/1.1" 200 93263
INFO 2025-06-20 19:22:01,000 basehttp 31194 140704189486656 "GET /tecnicos/ HTTP/1.1" 200 11311
INFO 2025-06-20 19:22:06,360 basehttp 31194 140704189486656 "GET /obtener-grupos/ HTTP/1.1" 200 557
INFO 2025-06-20 19:22:08,962 basehttp 31194 140704189486656 "GET /obtener-subgrupos/?grupo_id=122 HTTP/1.1" 200 450
INFO 2025-06-20 19:22:10,224 basehttp 31194 140704189486656 "GET /obtener-tecnicos-por-subgrupo/?subgrupo_id=11 HTTP/1.1" 200 433
INFO 2025-06-20 19:22:11,569 views 31194 140704189486656 Generando reporte principal para fechas 2025-06-01 a 2025-06-30 (30 días) y técnicos: ['Aldama Josfren ( INT-VE-632 )', 'Arteaga Daniel ( INT-VE-439)', 'Chain Joseph ( INT-VE-1404 )', 'Leon Oswaldo ( INT-VE-545 )', 'Perez Adrian ( INT-VE-543 )', 'Reyes Armando ( INT-VE-544 )', 'Rodríguez Sánchez  Yonny Javier ( INT-VE-356 )']
INFO 2025-06-20 19:22:11,569 services 31194 140704189486656 🚀 Iniciando reporte ultra-optimizado para rango 2025-06-01 - 2025-06-30
INFO 2025-06-20 19:22:11,569 services 31194 140704189486656 📊 Rango de 30 días - Single query
INFO 2025-06-20 19:22:11,570 services 31194 140704189486656 📊 Procesando 1 chunks de datos
INFO 2025-06-20 19:22:11,570 services 31194 140704189486656 ⚡ Procesamiento directo (rango pequeño)
INFO 2025-06-20 19:22:11,570 services 31194 140704189486656 🔄 Procesando chunk: 2025-06-01 a 2025-06-30
DEBUG 2025-06-20 19:22:24,047 services 31194 140704189486656 ✅ Consulta recibidos completada para chunk 2025-06-01-2025-06-30
DEBUG 2025-06-20 19:22:24,047 services 31194 140704189486656 ✅ Consulta cerrados completada para chunk 2025-06-01-2025-06-30
DEBUG 2025-06-20 19:22:24,047 services 31194 140704189486656 ✅ Consulta sla completada para chunk 2025-06-01-2025-06-30
DEBUG 2025-06-20 19:22:24,047 services 31194 140704189486656 ✅ Consulta reabiertos completada para chunk 2025-06-01-2025-06-30
INFO 2025-06-20 19:22:24,058 services 31194 140704189486656 💾 Resultado guardado en cache por 60 minutos
INFO 2025-06-20 19:22:24,059 services 31194 140704189486656 ✅ Reporte ultra-optimizado completado en 12.49 segundos
INFO 2025-06-20 19:22:24,059 services 31194 140704189486656 📈 Procesados 7 técnicos en 1 chunks
INFO 2025-06-20 19:22:24,059 views 31194 140704189486656 Reporte completado en 12.49 segundos para 7 técnicos
INFO 2025-06-20 19:22:24,059 basehttp 31194 140704189486656 "POST /generar-reporte/ HTTP/1.1" 200 2212
INFO 2025-06-20 19:22:37,083 views 31194 140704189486656 Generando cuadro de tendencia SLA para técnicos ['Aldama Josfren ( INT-VE-632 )', 'Arteaga Daniel ( INT-VE-439)', 'Chain Joseph ( INT-VE-1404 )', 'Leon Oswaldo ( INT-VE-545 )', 'Perez Adrian ( INT-VE-543 )', 'Reyes Armando ( INT-VE-544 )', 'Rodríguez Sánchez  Yonny Javier ( INT-VE-356 )'] entre 2025-06-01 y 2025-06-30, agrupado por mes
INFO 2025-06-20 19:22:37,573 basehttp 31194 140704189486656 "POST /generar-tendencia-sla/ HTTP/1.1" 200 478
INFO 2025-06-20 19:24:22,672 basehttp 31194 140704189486656 "GET / HTTP/1.1" 200 93263
INFO 2025-06-20 19:24:23,168 basehttp 31194 140704189486656 "GET /tecnicos/ HTTP/1.1" 200 11311
INFO 2025-06-20 19:24:43,006 views 31194 140704189486656 Usuario 28492679 cerrando sesión.
INFO 2025-06-20 19:24:43,084 basehttp 31194 140704189486656 "GET /logout/ HTTP/1.1" 302 0
INFO 2025-06-20 19:24:43,122 basehttp 31194 140704189486656 "GET /login/ HTTP/1.1" 200 16313
INFO 2025-06-20 19:24:45,661 auth_backend 31194 140704189486656 Credenciales GLPI válidas para usuario 28492679.
INFO 2025-06-20 19:24:45,813 auth_backend 31194 140704189486656 Usuario 28492679 añadido/asegurado en grupo Django 'Perfil Requerido'.
INFO 2025-06-20 19:24:45,982 views 31194 140704189486656 Inicio de sesión exitoso para el usuario 28492679.
INFO 2025-06-20 19:24:46,067 basehttp 31194 140704189486656 "POST /login/ HTTP/1.1" 302 0
INFO 2025-06-20 19:24:46,377 basehttp 31194 140704189486656 "GET / HTTP/1.1" 200 93259
INFO 2025-06-20 19:24:46,842 basehttp 31194 140704189486656 "GET /tecnicos/ HTTP/1.1" 200 11311
INFO 2025-06-20 19:24:56,972 basehttp 31194 140704189486656 "GET / HTTP/1.1" 200 93259
INFO 2025-06-20 19:24:57,441 basehttp 31194 140704189486656 "GET /tecnicos/ HTTP/1.1" 200 11311
INFO 2025-06-20 19:25:26,124 basehttp 31194 140704189486656 "GET / HTTP/1.1" 200 93255
INFO 2025-06-20 19:25:26,565 basehttp 31194 140704189486656 "GET /tecnicos/ HTTP/1.1" 200 11311
INFO 2025-06-20 19:27:14,039 basehttp 31194 140704189486656 "GET /obtener-grupos/ HTTP/1.1" 200 557
INFO 2025-06-20 19:27:16,515 basehttp 31194 140704189486656 "GET /obtener-subgrupos/?grupo_id=122 HTTP/1.1" 200 450
INFO 2025-06-20 19:27:18,216 basehttp 31194 140704189486656 "GET /obtener-tecnicos-por-subgrupo/?subgrupo_id=11 HTTP/1.1" 200 433
INFO 2025-06-20 19:27:19,590 views 31194 140704189486656 Generando reporte principal para fechas 2025-06-01 a 2025-06-30 (30 días) y técnicos: ['Aldama Josfren ( INT-VE-632 )', 'Arteaga Daniel ( INT-VE-439)', 'Chain Joseph ( INT-VE-1404 )', 'Leon Oswaldo ( INT-VE-545 )', 'Perez Adrian ( INT-VE-543 )', 'Reyes Armando ( INT-VE-544 )', 'Rodríguez Sánchez  Yonny Javier ( INT-VE-356 )']
INFO 2025-06-20 19:27:19,591 services 31194 140704189486656 🚀 Iniciando reporte ultra-optimizado para rango 2025-06-01 - 2025-06-30
INFO 2025-06-20 19:27:19,591 services 31194 140704189486656 📊 Rango de 30 días - Single query
INFO 2025-06-20 19:27:19,592 services 31194 140704189486656 📦 Cache hit - retornando resultado cacheado
INFO 2025-06-20 19:27:19,593 views 31194 140704189486656 Reporte completado en 0.00 segundos para 7 técnicos
INFO 2025-06-20 19:27:19,595 basehttp 31194 140704189486656 "POST /generar-reporte/ HTTP/1.1" 200 2210
WARNING 2025-06-20 19:27:32,981 views 31194 140704189486656 Generando reporte para rango muy grande: 395 días
INFO 2025-06-20 19:27:32,982 views 31194 140704189486656 Generando reporte principal para fechas 2024-06-01 a 2025-06-30 (395 días) y técnicos: ['Aldama Josfren ( INT-VE-632 )', 'Arteaga Daniel ( INT-VE-439)', 'Chain Joseph ( INT-VE-1404 )', 'Leon Oswaldo ( INT-VE-545 )', 'Perez Adrian ( INT-VE-543 )', 'Reyes Armando ( INT-VE-544 )', 'Rodríguez Sánchez  Yonny Javier ( INT-VE-356 )']
INFO 2025-06-20 19:27:32,982 services 31194 140704189486656 🚀 Iniciando reporte ultra-optimizado para rango 2024-06-01 - 2025-06-30
INFO 2025-06-20 19:27:32,983 services 31194 140704189486656 📊 Rango de 395 días - Chunk processing
INFO 2025-06-20 19:27:32,983 services 31194 140704189486656 📊 Procesando 5 chunks de datos
INFO 2025-06-20 19:27:32,984 services 31194 140704189486656 🔄 Procesamiento paralelo de 5 chunks
INFO 2025-06-20 19:27:32,984 services 31194 140704189486656 📦 Procesando lote 1/2
INFO 2025-06-20 19:27:32,984 services 31194 140704181093952 🔄 Procesando chunk: 2024-06-01 a 2024-08-29
INFO 2025-06-20 19:27:32,985 services 31194 140704162727488 🔄 Procesando chunk: 2024-08-30 a 2024-11-27
INFO 2025-06-20 19:27:32,987 services 31194 140704171120192 🔄 Procesando chunk: 2024-11-28 a 2025-02-25
DEBUG 2025-06-20 19:27:55,656 services 31194 140704181093952 ✅ Consulta recibidos completada para chunk 2024-06-01-2024-08-29
DEBUG 2025-06-20 19:27:55,657 services 31194 140704181093952 ✅ Consulta cerrados completada para chunk 2024-06-01-2024-08-29
DEBUG 2025-06-20 19:27:55,657 services 31194 140704181093952 ✅ Consulta sla completada para chunk 2024-06-01-2024-08-29
DEBUG 2025-06-20 19:27:55,657 services 31194 140704181093952 ✅ Consulta reabiertos completada para chunk 2024-06-01-2024-08-29
DEBUG 2025-06-20 19:27:55,660 services 31194 140704171120192 ✅ Consulta recibidos completada para chunk 2024-11-28-2025-02-25
DEBUG 2025-06-20 19:27:55,660 services 31194 140704171120192 ✅ Consulta cerrados completada para chunk 2024-11-28-2025-02-25
DEBUG 2025-06-20 19:27:55,660 services 31194 140704171120192 ✅ Consulta sla completada para chunk 2024-11-28-2025-02-25
DEBUG 2025-06-20 19:27:55,660 services 31194 140704171120192 ✅ Consulta reabiertos completada para chunk 2024-11-28-2025-02-25
DEBUG 2025-06-20 19:27:55,661 services 31194 140704162727488 ✅ Consulta recibidos completada para chunk 2024-08-30-2024-11-27
DEBUG 2025-06-20 19:27:55,661 services 31194 140704162727488 ✅ Consulta cerrados completada para chunk 2024-08-30-2024-11-27
DEBUG 2025-06-20 19:27:55,661 services 31194 140704162727488 ✅ Consulta sla completada para chunk 2024-08-30-2024-11-27
DEBUG 2025-06-20 19:27:55,661 services 31194 140704162727488 ✅ Consulta reabiertos completada para chunk 2024-08-30-2024-11-27
INFO 2025-06-20 19:27:55,662 services 31194 140704189486656 📦 Procesando lote 2/2
INFO 2025-06-20 19:27:55,662 services 31194 140704162727488 🔄 Procesando chunk: 2025-02-26 a 2025-05-26
INFO 2025-06-20 19:27:55,663 services 31194 140704171120192 🔄 Procesando chunk: 2025-05-27 a 2025-06-30
DEBUG 2025-06-20 19:28:09,424 services 31194 140704171120192 ✅ Consulta recibidos completada para chunk 2025-05-27-2025-06-30
DEBUG 2025-06-20 19:28:09,424 services 31194 140704171120192 ✅ Consulta cerrados completada para chunk 2025-05-27-2025-06-30
DEBUG 2025-06-20 19:28:09,424 services 31194 140704171120192 ✅ Consulta sla completada para chunk 2025-05-27-2025-06-30
DEBUG 2025-06-20 19:28:09,424 services 31194 140704171120192 ✅ Consulta reabiertos completada para chunk 2025-05-27-2025-06-30
DEBUG 2025-06-20 19:28:09,502 services 31194 140704162727488 ✅ Consulta recibidos completada para chunk 2025-02-26-2025-05-26
DEBUG 2025-06-20 19:28:09,503 services 31194 140704162727488 ✅ Consulta cerrados completada para chunk 2025-02-26-2025-05-26
DEBUG 2025-06-20 19:28:09,503 services 31194 140704162727488 ✅ Consulta sla completada para chunk 2025-02-26-2025-05-26
DEBUG 2025-06-20 19:28:09,503 services 31194 140704162727488 ✅ Consulta reabiertos completada para chunk 2025-02-26-2025-05-26
INFO 2025-06-20 19:28:09,525 services 31194 140704189486656 💾 Resultado guardado en cache por 120 minutos
INFO 2025-06-20 19:28:09,526 services 31194 140704189486656 ✅ Reporte ultra-optimizado completado en 36.54 segundos
INFO 2025-06-20 19:28:09,526 services 31194 140704189486656 📈 Procesados 7 técnicos en 5 chunks
INFO 2025-06-20 19:28:09,526 views 31194 140704189486656 Reporte completado en 36.54 segundos para 7 técnicos
INFO 2025-06-20 19:28:09,526 basehttp 31194 140704189486656 "POST /generar-reporte/ HTTP/1.1" 200 2250
INFO 2025-06-20 19:28:21,032 views 31194 140704189486656 Obteniendo tickets reabiertos para Leon Oswaldo ( INT-VE-545 ) entre 2024-06-01 y 2025-06-30
INFO 2025-06-20 19:28:21,928 basehttp 31194 140704189486656 "POST /tickets-reabiertos/ HTTP/1.1" 200 590
INFO 2025-06-20 19:28:38,170 views 31194 140704189486656 Generando cuadro de tendencia SLA para técnicos ['Aldama Josfren ( INT-VE-632 )', 'Arteaga Daniel ( INT-VE-439)', 'Chain Joseph ( INT-VE-1404 )', 'Leon Oswaldo ( INT-VE-545 )', 'Perez Adrian ( INT-VE-543 )', 'Reyes Armando ( INT-VE-544 )', 'Rodríguez Sánchez  Yonny Javier ( INT-VE-356 )'] entre 2024-06-01 y 2025-06-30, agrupado por mes
INFO 2025-06-20 19:28:47,593 basehttp 31194 140704189486656 "POST /generar-tendencia-sla/ HTTP/1.1" 200 1982
INFO 2025-06-20 19:30:08,802 basehttp 31194 140704189486656 "GET / HTTP/1.1" 200 93258
INFO 2025-06-20 19:30:09,582 basehttp 31194 140704189486656 "GET /tecnicos/ HTTP/1.1" 200 11311
INFO 2025-06-20 19:30:18,807 basehttp 31194 140704189486656 "GET /obtener-grupos/ HTTP/1.1" 200 557
INFO 2025-06-20 19:30:20,919 basehttp 31194 140704189486656 "GET /obtener-subgrupos/?grupo_id=122 HTTP/1.1" 200 450
INFO 2025-06-20 19:30:22,162 basehttp 31194 140704189486656 "GET /obtener-tecnicos-por-subgrupo/?subgrupo_id=11 HTTP/1.1" 200 433
INFO 2025-06-20 19:30:23,398 views 31194 140704189486656 Generando reporte principal para fechas 2025-06-01 a 2025-06-30 (30 días) y técnicos: ['Aldama Josfren ( INT-VE-632 )', 'Arteaga Daniel ( INT-VE-439)', 'Chain Joseph ( INT-VE-1404 )', 'Leon Oswaldo ( INT-VE-545 )', 'Perez Adrian ( INT-VE-543 )', 'Reyes Armando ( INT-VE-544 )', 'Rodríguez Sánchez  Yonny Javier ( INT-VE-356 )']
INFO 2025-06-20 19:30:23,399 services 31194 140704189486656 🚀 Iniciando reporte ultra-optimizado para rango 2025-06-01 - 2025-06-30
INFO 2025-06-20 19:30:23,399 services 31194 140704189486656 📊 Rango de 30 días - Single query
INFO 2025-06-20 19:30:23,400 services 31194 140704189486656 📦 Cache hit - retornando resultado cacheado
INFO 2025-06-20 19:30:23,400 views 31194 140704189486656 Reporte completado en 0.00 segundos para 7 técnicos
INFO 2025-06-20 19:30:23,402 basehttp 31194 140704189486656 "POST /generar-reporte/ HTTP/1.1" 200 2210
INFO 2025-06-20 19:30:26,428 views 31194 140704189486656 Generando cuadro de tendencia SLA para técnicos ['Aldama Josfren ( INT-VE-632 )', 'Arteaga Daniel ( INT-VE-439)', 'Chain Joseph ( INT-VE-1404 )', 'Leon Oswaldo ( INT-VE-545 )', 'Perez Adrian ( INT-VE-543 )', 'Reyes Armando ( INT-VE-544 )', 'Rodríguez Sánchez  Yonny Javier ( INT-VE-356 )'] entre 2025-06-01 y 2025-06-30, agrupado por mes
INFO 2025-06-20 19:30:26,918 basehttp 31194 140704189486656 "POST /generar-tendencia-sla/ HTTP/1.1" 200 478
INFO 2025-06-20 19:34:58,725 basehttp 34101 139956298024512 "GET / HTTP/1.1" 302 0
INFO 2025-06-20 19:35:09,448 basehttp 31194 140704189486656 "GET / HTTP/1.1" 200 93263
INFO 2025-06-20 19:35:10,174 basehttp 31194 140704189486656 "GET /tecnicos/ HTTP/1.1" 200 11311
INFO 2025-06-20 19:35:13,599 basehttp 31194 140704189486656 "GET /obtener-grupos/ HTTP/1.1" 200 557
INFO 2025-06-20 19:35:16,463 basehttp 31194 140704189486656 "GET /obtener-subgrupos/?grupo_id=122 HTTP/1.1" 200 450
INFO 2025-06-20 19:35:17,743 basehttp 31194 140704189486656 "GET /obtener-tecnicos-por-subgrupo/?subgrupo_id=11 HTTP/1.1" 200 433
INFO 2025-06-20 19:35:19,276 views 31194 140704189486656 Generando reporte principal para fechas 2025-06-01 a 2025-06-30 (30 días) y técnicos: ['Aldama Josfren ( INT-VE-632 )', 'Arteaga Daniel ( INT-VE-439)', 'Chain Joseph ( INT-VE-1404 )', 'Leon Oswaldo ( INT-VE-545 )', 'Perez Adrian ( INT-VE-543 )', 'Reyes Armando ( INT-VE-544 )', 'Rodríguez Sánchez  Yonny Javier ( INT-VE-356 )']
INFO 2025-06-20 19:35:19,276 services 31194 140704189486656 🚀 Iniciando reporte ultra-optimizado para rango 2025-06-01 - 2025-06-30
INFO 2025-06-20 19:35:19,277 services 31194 140704189486656 📊 Rango de 30 días - Single query
INFO 2025-06-20 19:35:19,277 services 31194 140704189486656 📦 Cache hit - retornando resultado cacheado
INFO 2025-06-20 19:35:19,278 views 31194 140704189486656 Reporte completado en 0.00 segundos para 7 técnicos
INFO 2025-06-20 19:35:19,279 basehttp 31194 140704189486656 "POST /generar-reporte/ HTTP/1.1" 200 2210
INFO 2025-06-20 19:38:46,616 basehttp 31194 140704189486656 "GET / HTTP/1.1" 200 93277
INFO 2025-06-20 19:38:47,374 basehttp 31194 140704189486656 "GET /tecnicos/ HTTP/1.1" 200 11311
INFO 2025-06-20 19:38:50,483 basehttp 31194 140704189486656 "GET /obtener-grupos/ HTTP/1.1" 200 557
INFO 2025-06-20 19:38:52,984 basehttp 31194 140704189486656 "GET /obtener-subgrupos/?grupo_id=122 HTTP/1.1" 200 450
INFO 2025-06-20 19:38:54,266 basehttp 31194 140704189486656 "GET /obtener-tecnicos-por-subgrupo/?subgrupo_id=11 HTTP/1.1" 200 433
INFO 2025-06-20 19:38:55,411 views 31194 140704189486656 Generando cuadro de tendencia SLA para técnicos ['Aldama Josfren ( INT-VE-632 )', 'Arteaga Daniel ( INT-VE-439)', 'Chain Joseph ( INT-VE-1404 )', 'Leon Oswaldo ( INT-VE-545 )', 'Perez Adrian ( INT-VE-543 )', 'Reyes Armando ( INT-VE-544 )', 'Rodríguez Sánchez  Yonny Javier ( INT-VE-356 )'] entre 2025-06-01 y 2025-06-30, agrupado por mes
INFO 2025-06-20 19:38:56,136 basehttp 31194 140704189486656 "POST /generar-tendencia-sla/ HTTP/1.1" 200 478
INFO 2025-07-18 16:44:23,449 autoreload 12546 139639669712064 Watching for file changes with StatReloader
INFO 2025-07-18 16:44:28,355 basehttp 12546 139638974133824 "GET / HTTP/1.1" 200 93277
INFO 2025-07-18 16:44:28,854 basehttp 12546 139638974133824 "GET /tecnicos/ HTTP/1.1" 200 11188
INFO 2025-07-18 16:44:48,764 views 12546 139638974133824 Generando reporte principal para fechas 2024-09-01 a 2025-06-30 (303 días) y técnicos: ['Trosel Alberto Antonio ( INT-VE-270 )']
INFO 2025-07-18 16:44:48,764 services 12546 139638974133824 🚀 Iniciando reporte ultra-optimizado para rango 2024-09-01 - 2025-06-30
INFO 2025-07-18 16:44:48,765 services 12546 139638974133824 📊 Rango de 303 días - Chunk processing
INFO 2025-07-18 16:44:48,766 services 12546 139638974133824 📊 Procesando 4 chunks de datos
INFO 2025-07-18 16:44:48,766 services 12546 139638974133824 🔄 Procesamiento paralelo de 4 chunks
INFO 2025-07-18 16:44:48,766 services 12546 139638974133824 📦 Procesando lote 1/2
INFO 2025-07-18 16:44:48,767 services 12546 139638955251264 🔄 Procesando chunk: 2024-09-01 a 2024-11-29
INFO 2025-07-18 16:44:48,768 services 12546 139638946858560 🔄 Procesando chunk: 2024-11-30 a 2025-02-27
INFO 2025-07-18 16:44:48,770 services 12546 139638938465856 🔄 Procesando chunk: 2025-02-28 a 2025-05-28
DEBUG 2025-07-18 16:45:17,748 services 12546 139638955251264 ✅ Consulta recibidos completada para chunk 2024-09-01-2024-11-29
DEBUG 2025-07-18 16:45:17,749 services 12546 139638938465856 ✅ Consulta recibidos completada para chunk 2025-02-28-2025-05-28
DEBUG 2025-07-18 16:45:17,751 services 12546 139638946858560 ✅ Consulta recibidos completada para chunk 2024-11-30-2025-02-27
DEBUG 2025-07-18 16:45:17,753 services 12546 139638955251264 ✅ Consulta cerrados completada para chunk 2024-09-01-2024-11-29
DEBUG 2025-07-18 16:45:17,756 services 12546 139638938465856 ✅ Consulta cerrados completada para chunk 2025-02-28-2025-05-28
DEBUG 2025-07-18 16:45:17,756 services 12546 139638946858560 ✅ Consulta cerrados completada para chunk 2024-11-30-2025-02-27
DEBUG 2025-07-18 16:45:17,757 services 12546 139638955251264 ✅ Consulta sla completada para chunk 2024-09-01-2024-11-29
DEBUG 2025-07-18 16:45:17,757 services 12546 139638938465856 ✅ Consulta sla completada para chunk 2025-02-28-2025-05-28
DEBUG 2025-07-18 16:45:17,757 services 12546 139638946858560 ✅ Consulta sla completada para chunk 2024-11-30-2025-02-27
DEBUG 2025-07-18 16:45:17,758 services 12546 139638955251264 ✅ Consulta reabiertos completada para chunk 2024-09-01-2024-11-29
DEBUG 2025-07-18 16:45:17,758 services 12546 139638938465856 ✅ Consulta reabiertos completada para chunk 2025-02-28-2025-05-28
DEBUG 2025-07-18 16:45:17,758 services 12546 139638946858560 ✅ Consulta reabiertos completada para chunk 2024-11-30-2025-02-27
INFO 2025-07-18 16:45:17,762 services 12546 139638974133824 📦 Procesando lote 2/2
INFO 2025-07-18 16:45:17,762 services 12546 139638938465856 🔄 Procesando chunk: 2025-05-29 a 2025-06-30
DEBUG 2025-07-18 16:45:28,154 services 12546 139638938465856 ✅ Consulta recibidos completada para chunk 2025-05-29-2025-06-30
DEBUG 2025-07-18 16:45:28,156 services 12546 139638938465856 ✅ Consulta cerrados completada para chunk 2025-05-29-2025-06-30
DEBUG 2025-07-18 16:45:28,156 services 12546 139638938465856 ✅ Consulta sla completada para chunk 2025-05-29-2025-06-30
DEBUG 2025-07-18 16:45:28,157 services 12546 139638938465856 ✅ Consulta reabiertos completada para chunk 2025-05-29-2025-06-30
INFO 2025-07-18 16:45:28,199 services 12546 139638974133824 💾 Resultado guardado en cache por 120 minutos
INFO 2025-07-18 16:45:28,199 services 12546 139638974133824 ✅ Reporte ultra-optimizado completado en 39.43 segundos
INFO 2025-07-18 16:45:28,199 services 12546 139638974133824 📈 Procesados 1 técnicos en 4 chunks
INFO 2025-07-18 16:45:28,199 views 12546 139638974133824 Reporte completado en 39.44 segundos para 1 técnicos
INFO 2025-07-18 16:45:28,200 basehttp 12546 139638974133824 "POST /generar-reporte/ HTTP/1.1" 200 426
INFO 2025-07-18 16:48:19,543 autoreload 12546 139639669712064 /home/oleon/Escritorio/reporte_glpi_django/metricas/services.py changed, reloading.
INFO 2025-07-18 16:48:19,843 autoreload 13187 139790867068096 Watching for file changes with StatReloader
INFO 2025-07-18 16:49:03,841 autoreload 13187 139790867068096 /home/oleon/Escritorio/reporte_glpi_django/metricas/services.py changed, reloading.
INFO 2025-07-18 16:49:04,129 autoreload 13300 140184215041216 Watching for file changes with StatReloader
INFO 2025-07-18 16:49:46,318 autoreload 13300 140184215041216 /home/oleon/Escritorio/reporte_glpi_django/metricas/services.py changed, reloading.
INFO 2025-07-18 16:49:46,645 autoreload 13421 140116363408576 Watching for file changes with StatReloader
INFO 2025-07-18 16:50:44,905 services 13738 140443823899840 🔧 Ejecutando reporte con SQL del usuario para rango 2024-12-01 - 2024-12-31
INFO 2025-07-18 16:50:46,831 services 13738 140443823899840 ✅ Reporte SQL usuario completado en 1.93 segundos para 0 técnicos
INFO 2025-07-18 16:50:47,274 services 13738 140443823899840 🚀 Iniciando reporte con SQL usuario para rango 2024-12-01 - 2024-12-31
INFO 2025-07-18 16:50:47,276 services 13738 140443823899840 📊 Rango de 31 días - Usando SQL del usuario
INFO 2025-07-18 16:50:47,277 services 13738 140443823899840 ⚡ Usando SQL del usuario para rango de 31 días
INFO 2025-07-18 16:50:47,277 services 13738 140443823899840 🔧 Ejecutando reporte con SQL del usuario para rango 2024-12-01 - 2024-12-31
INFO 2025-07-18 16:50:47,665 services 13738 140443823899840 ✅ Reporte SQL usuario completado en 0.39 segundos para 0 técnicos
WARNING 2025-07-18 16:50:47,667 services 13738 140443823899840 ⚠️ No se encontraron datos para el rango especificado
INFO 2025-07-18 16:50:47,667 services 13738 140443823899840 🔧 Ejecutando reporte con SQL del usuario para rango 2024-12-01 - 2024-12-31
INFO 2025-07-18 16:50:58,335 services 13738 140443823899840 ✅ Reporte SQL usuario completado en 10.67 segundos para 148 técnicos
INFO 2025-07-18 16:51:45,280 basehttp 13421 140115668317760 "GET / HTTP/1.1" 200 93277
INFO 2025-07-18 16:51:45,885 basehttp 13421 140115668317760 "GET /tecnicos/ HTTP/1.1" 200 11188
INFO 2025-07-18 16:51:55,694 basehttp 13421 140115668317760 "GET /obtener-grupos/ HTTP/1.1" 200 557
INFO 2025-07-18 16:51:57,454 basehttp 13421 140115668317760 "GET /obtener-subgrupos/?grupo_id=122 HTTP/1.1" 200 507
INFO 2025-07-18 16:52:00,117 basehttp 13421 140115668317760 "GET /obtener-tecnicos-por-subgrupo/?subgrupo_id=14 HTTP/1.1" 200 282
INFO 2025-07-18 16:52:19,396 views 13421 140115668317760 Usuario 28492679 cerrando sesión.
INFO 2025-07-18 16:52:19,785 basehttp 13421 140115668317760 "GET /logout/ HTTP/1.1" 302 0
INFO 2025-07-18 16:52:19,805 basehttp 13421 140115668317760 "GET /login/ HTTP/1.1" 200 16313
INFO 2025-07-18 16:52:21,770 auth_backend 13421 140115668317760 Credenciales GLPI válidas para usuario 28492679.
INFO 2025-07-18 16:52:21,899 auth_backend 13421 140115668317760 Usuario 28492679 añadido/asegurado en grupo Django 'Perfil Requerido'.
INFO 2025-07-18 16:52:22,291 views 13421 140115668317760 Inicio de sesión exitoso para el usuario 28492679.
INFO 2025-07-18 16:52:22,487 basehttp 13421 140115668317760 "POST /login/ HTTP/1.1" 302 0
INFO 2025-07-18 16:52:22,806 basehttp 13421 140115668317760 "GET / HTTP/1.1" 200 93277
INFO 2025-07-18 16:52:23,307 basehttp 13421 140115668317760 "GET /tecnicos/ HTTP/1.1" 200 11188
INFO 2025-07-18 16:52:26,459 basehttp 13421 140115668317760 "GET /obtener-grupos/ HTTP/1.1" 200 557
INFO 2025-07-18 16:52:28,630 basehttp 13421 140115668317760 "GET /obtener-subgrupos/?grupo_id=122 HTTP/1.1" 200 507
INFO 2025-07-18 16:52:29,982 basehttp 13421 140115668317760 "GET /obtener-tecnicos-por-subgrupo/?subgrupo_id=11 HTTP/1.1" 200 433
INFO 2025-07-18 16:52:31,143 views 13421 140115668317760 Generando reporte principal para fechas 2025-07-01 a 2025-07-31 (31 días) y técnicos: ['Aldama Josfren ( INT-VE-632 )', 'Arteaga Daniel ( INT-VE-439)', 'Chain Joseph ( INT-VE-1404 )', 'Leon Oswaldo ( INT-VE-545 )', 'Perez Adrian ( INT-VE-543 )', 'Reyes Armando ( INT-VE-544 )', 'Rodríguez Sánchez  Yonny Javier ( INT-VE-356 )']
INFO 2025-07-18 16:52:31,144 services 13421 140115668317760 🚀 Iniciando reporte con SQL usuario para rango 2025-07-01 - 2025-07-31
INFO 2025-07-18 16:52:31,144 services 13421 140115668317760 📊 Rango de 31 días - Usando SQL del usuario
INFO 2025-07-18 16:52:31,145 services 13421 140115668317760 ⚡ Usando SQL del usuario para rango de 31 días
INFO 2025-07-18 16:52:31,145 services 13421 140115668317760 🔧 Ejecutando reporte con SQL del usuario para rango 2025-07-01 - 2025-07-31
INFO 2025-07-18 16:52:35,713 services 13421 140115668317760 ✅ Reporte SQL usuario completado en 4.57 segundos para 6 técnicos
INFO 2025-07-18 16:52:35,718 services 13421 140115668317760 💾 Resultado guardado en cache por 60 minutos
INFO 2025-07-18 16:52:35,718 services 13421 140115668317760 ✅ Reporte con SQL usuario completado en 4.57 segundos
INFO 2025-07-18 16:52:35,718 services 13421 140115668317760 📈 Procesados 6 técnicos
INFO 2025-07-18 16:52:35,718 views 13421 140115668317760 Reporte completado en 4.57 segundos para 6 técnicos
INFO 2025-07-18 16:52:35,720 basehttp 13421 140115668317760 "POST /generar-reporte/ HTTP/1.1" 200 2671
INFO 2025-07-18 16:52:52,723 views 13421 140115668317760 Generando reporte principal para fechas 2024-09-01 a 2025-06-30 (303 días) y técnicos: ['Aldama Josfren ( INT-VE-632 )', 'Arteaga Daniel ( INT-VE-439)', 'Chain Joseph ( INT-VE-1404 )', 'Leon Oswaldo ( INT-VE-545 )', 'Perez Adrian ( INT-VE-543 )', 'Reyes Armando ( INT-VE-544 )', 'Rodríguez Sánchez  Yonny Javier ( INT-VE-356 )']
INFO 2025-07-18 16:52:52,723 services 13421 140115668317760 🚀 Iniciando reporte con SQL usuario para rango 2024-09-01 - 2025-06-30
INFO 2025-07-18 16:52:52,724 services 13421 140115668317760 📊 Rango de 303 días - Usando SQL del usuario
INFO 2025-07-18 16:52:52,724 services 13421 140115668317760 ⚡ Usando SQL del usuario para rango de 303 días
INFO 2025-07-18 16:52:52,724 services 13421 140115668317760 🔧 Ejecutando reporte con SQL del usuario para rango 2024-09-01 - 2025-06-30
INFO 2025-07-18 16:53:58,417 views 13421 140115590510144 Generando reporte principal para fechas 2024-09-01 a 2025-06-30 (303 días) y técnicos: ['Aldama Josfren ( INT-VE-632 )', 'Arteaga Daniel ( INT-VE-439)', 'Chain Joseph ( INT-VE-1404 )', 'Leon Oswaldo ( INT-VE-545 )', 'Perez Adrian ( INT-VE-543 )', 'Reyes Armando ( INT-VE-544 )', 'Rodríguez Sánchez  Yonny Javier ( INT-VE-356 )']
INFO 2025-07-18 16:53:58,418 services 13421 140115590510144 🚀 Iniciando reporte con SQL usuario para rango 2024-09-01 - 2025-06-30
INFO 2025-07-18 16:53:58,418 services 13421 140115590510144 📊 Rango de 303 días - Usando SQL del usuario
INFO 2025-07-18 16:53:58,418 services 13421 140115590510144 ⚡ Usando SQL del usuario para rango de 303 días
INFO 2025-07-18 16:53:58,418 services 13421 140115590510144 🔧 Ejecutando reporte con SQL del usuario para rango 2024-09-01 - 2025-06-30
INFO 2025-07-18 16:54:57,542 autoreload 13421 140116363408576 /home/oleon/Escritorio/reporte_glpi_django/metricas/services.py changed, reloading.
INFO 2025-07-18 16:54:58,004 autoreload 14489 139655618479296 Watching for file changes with StatReloader
INFO 2025-07-18 16:55:02,527 basehttp 14489 139654922974784 "GET /obtener-grupos/ HTTP/1.1" 200 557
INFO 2025-07-18 16:55:10,121 views 14489 139654922974784 Generando reporte principal para fechas 2024-09-01 a 2025-06-30 (303 días) y técnicos: ['Trosel Alberto Antonio ( INT-VE-270 )']
INFO 2025-07-18 16:55:10,121 services 14489 139654922974784 🚀 Iniciando reporte ultra-optimizado para rango 2024-09-01 - 2025-06-30
INFO 2025-07-18 16:55:10,121 services 14489 139654922974784 📊 Rango de 303 días - Chunk processing
INFO 2025-07-18 16:55:10,122 services 14489 139654922974784 📊 Procesando 4 chunks de datos
INFO 2025-07-18 16:55:10,122 services 14489 139654922974784 🔄 Procesamiento paralelo de 4 chunks
INFO 2025-07-18 16:55:10,122 services 14489 139654922974784 📦 Procesando lote 1/2
INFO 2025-07-18 16:55:10,123 services 14489 139654913533504 🔄 Procesando chunk: 2024-09-01 a 2024-11-29
INFO 2025-07-18 16:55:10,123 services 14489 139654905140800 🔄 Procesando chunk: 2024-11-30 a 2025-02-27
INFO 2025-07-18 16:55:10,124 services 14489 139654896748096 🔄 Procesando chunk: 2025-02-28 a 2025-05-28
DEBUG 2025-07-18 16:55:29,874 services 14489 139654913533504 ✅ Consulta recibidos completada para chunk 2024-09-01-2024-11-29
DEBUG 2025-07-18 16:55:29,881 services 14489 139654905140800 ✅ Consulta recibidos completada para chunk 2024-11-30-2025-02-27
DEBUG 2025-07-18 16:55:29,884 services 14489 139654905140800 ✅ Consulta cerrados completada para chunk 2024-11-30-2025-02-27
DEBUG 2025-07-18 16:55:29,884 services 14489 139654905140800 ✅ Consulta sla completada para chunk 2024-11-30-2025-02-27
DEBUG 2025-07-18 16:55:29,885 services 14489 139654913533504 ✅ Consulta cerrados completada para chunk 2024-09-01-2024-11-29
DEBUG 2025-07-18 16:55:29,885 services 14489 139654905140800 ✅ Consulta reabiertos completada para chunk 2024-11-30-2025-02-27
DEBUG 2025-07-18 16:55:29,885 services 14489 139654896748096 ✅ Consulta recibidos completada para chunk 2025-02-28-2025-05-28
DEBUG 2025-07-18 16:55:29,885 services 14489 139654913533504 ✅ Consulta sla completada para chunk 2024-09-01-2024-11-29
DEBUG 2025-07-18 16:55:29,886 services 14489 139654896748096 ✅ Consulta cerrados completada para chunk 2025-02-28-2025-05-28
DEBUG 2025-07-18 16:55:29,886 services 14489 139654913533504 ✅ Consulta reabiertos completada para chunk 2024-09-01-2024-11-29
DEBUG 2025-07-18 16:55:29,886 services 14489 139654896748096 ✅ Consulta sla completada para chunk 2025-02-28-2025-05-28
DEBUG 2025-07-18 16:55:29,887 services 14489 139654896748096 ✅ Consulta reabiertos completada para chunk 2025-02-28-2025-05-28
INFO 2025-07-18 16:55:29,887 services 14489 139654922974784 📦 Procesando lote 2/2
INFO 2025-07-18 16:55:29,887 services 14489 139654896748096 🔄 Procesando chunk: 2025-05-29 a 2025-06-30
DEBUG 2025-07-18 16:55:43,024 services 14489 139654896748096 ✅ Consulta recibidos completada para chunk 2025-05-29-2025-06-30
DEBUG 2025-07-18 16:55:43,024 services 14489 139654896748096 ✅ Consulta cerrados completada para chunk 2025-05-29-2025-06-30
DEBUG 2025-07-18 16:55:43,024 services 14489 139654896748096 ✅ Consulta sla completada para chunk 2025-05-29-2025-06-30
DEBUG 2025-07-18 16:55:43,024 services 14489 139654896748096 ✅ Consulta reabiertos completada para chunk 2025-05-29-2025-06-30
INFO 2025-07-18 16:55:43,043 services 14489 139654922974784 💾 Resultado guardado en cache por 120 minutos
INFO 2025-07-18 16:55:43,043 services 14489 139654922974784 ✅ Reporte ultra-optimizado completado en 32.92 segundos
INFO 2025-07-18 16:55:43,043 services 14489 139654922974784 📈 Procesados 1 técnicos en 4 chunks
INFO 2025-07-18 16:55:43,043 views 14489 139654922974784 Reporte completado en 32.92 segundos para 1 técnicos
INFO 2025-07-18 16:55:43,043 basehttp 14489 139654922974784 "POST /generar-reporte/ HTTP/1.1" 200 426
INFO 2025-07-18 16:56:49,495 autoreload 14489 139655618479296 /home/oleon/Escritorio/reporte_glpi_django/metricas/services.py changed, reloading.
INFO 2025-07-18 16:56:49,886 autoreload 14868 140034763977920 Watching for file changes with StatReloader
INFO 2025-07-18 16:57:12,724 autoreload 14868 140034763977920 /home/oleon/Escritorio/reporte_glpi_django/metricas/services.py changed, reloading.
INFO 2025-07-18 16:57:13,011 autoreload 14920 139768705995968 Watching for file changes with StatReloader
INFO 2025-07-18 16:57:37,878 autoreload 14920 139768705995968 /home/oleon/Escritorio/reporte_glpi_django/metricas/services.py changed, reloading.
INFO 2025-07-18 16:57:38,176 autoreload 15006 140669377266880 Watching for file changes with StatReloader
INFO 2025-07-18 16:58:01,982 autoreload 15006 140669377266880 /home/oleon/Escritorio/reporte_glpi_django/metricas/views.py changed, reloading.
INFO 2025-07-18 16:58:02,272 autoreload 15096 140463861249216 Watching for file changes with StatReloader
INFO 2025-07-18 16:58:35,332 views 15096 140463165228608 Generando reporte principal para fechas 2024-09-01 a 2025-06-30 (303 días) y técnicos: ['Trosel Alberto Antonio ( INT-VE-270 )']
INFO 2025-07-18 16:58:35,332 views 15096 140463165228608 Usando lógica original comprehensiva
INFO 2025-07-18 16:58:35,332 services 15096 140463165228608 🎯 Usando lógica original comprehensiva para 2024-09-01 - 2025-06-30
INFO 2025-07-18 16:58:35,332 services 15096 140463165228608 🚀 Iniciando reporte con lógica original para rango 2024-09-01 - 2025-06-30
INFO 2025-07-18 16:58:35,332 services 15096 140463165228608 📊 Rango de 303 días - usando lógica comprehensiva original
INFO 2025-07-18 16:58:35,332 services 15096 140463165228608 📊 Procesando 4 chunks con lógica original
INFO 2025-07-18 16:58:35,333 services 15096 140463165228608 📦 Procesando lote 1/2 con lógica original
INFO 2025-07-18 16:58:35,333 services 15096 140463156303424 🔄 Procesando chunk con lógica comprehensiva: 2024-09-01 a 2024-11-29
INFO 2025-07-18 16:58:35,333 services 15096 140463080207936 🔄 Procesando chunk con lógica comprehensiva: 2024-11-30 a 2025-02-27
INFO 2025-07-18 16:58:35,333 services 15096 140463071815232 🔄 Procesando chunk con lógica comprehensiva: 2025-02-28 a 2025-05-28
DEBUG 2025-07-18 16:58:41,232 services 15096 140463080207936 ✅ Chunk 2024-11-30-2025-02-27 procesado: 1 técnicos
DEBUG 2025-07-18 16:58:41,264 services 15096 140463071815232 ✅ Chunk 2025-02-28-2025-05-28 procesado: 1 técnicos
DEBUG 2025-07-18 16:58:41,373 services 15096 140463156303424 ✅ Chunk 2024-09-01-2024-11-29 procesado: 1 técnicos
INFO 2025-07-18 16:58:41,374 services 15096 140463165228608 📦 Procesando lote 2/2 con lógica original
INFO 2025-07-18 16:58:41,374 services 15096 140463156303424 🔄 Procesando chunk con lógica comprehensiva: 2025-05-29 a 2025-06-30
DEBUG 2025-07-18 16:58:45,612 services 15096 140463156303424 ✅ Chunk 2025-05-29-2025-06-30 procesado: 1 técnicos
INFO 2025-07-18 16:58:45,644 services 15096 140463165228608 💾 Resultado con lógica original guardado en cache
INFO 2025-07-18 16:58:45,645 services 15096 140463165228608 ✅ Reporte con lógica original completado en 10.31 segundos
INFO 2025-07-18 16:58:45,645 services 15096 140463165228608 📈 Procesados 1 técnicos
INFO 2025-07-18 16:58:45,645 views 15096 140463165228608 Reporte completado en 10.31 segundos para 1 técnicos
INFO 2025-07-18 16:58:45,646 basehttp 15096 140463165228608 "POST /generar-reporte/ HTTP/1.1" 200 471
INFO 2025-07-18 17:18:54,223 autoreload 15096 140463861249216 /home/oleon/Escritorio/reporte_glpi_django/metricas/services.py changed, reloading.
INFO 2025-07-18 17:18:54,600 autoreload 17482 140464375768256 Watching for file changes with StatReloader
INFO 2025-07-18 17:20:43,931 autoreload 17482 140464375768256 /home/oleon/Escritorio/reporte_glpi_django/metricas/services.py changed, reloading.
INFO 2025-07-18 17:20:44,252 autoreload 17702 139782420239552 Watching for file changes with StatReloader
INFO 2025-07-18 17:21:04,100 autoreload 17702 139782420239552 /home/oleon/Escritorio/reporte_glpi_django/metricas/views.py changed, reloading.
INFO 2025-07-18 17:21:04,413 autoreload 17787 139935098115264 Watching for file changes with StatReloader
INFO 2025-07-18 17:22:09,751 autoreload 17787 139935098115264 /home/oleon/Escritorio/reporte_glpi_django/metricas/services.py changed, reloading.
INFO 2025-07-18 17:22:10,079 autoreload 17930 140382351574208 Watching for file changes with StatReloader
INFO 2025-07-18 17:22:27,834 autoreload 17930 140382351574208 /home/oleon/Escritorio/reporte_glpi_django/metricas/services.py changed, reloading.
INFO 2025-07-18 17:22:28,173 autoreload 18011 140364790744256 Watching for file changes with StatReloader
INFO 2025-07-18 17:22:45,943 autoreload 18011 140364790744256 /home/oleon/Escritorio/reporte_glpi_django/metricas/services.py changed, reloading.
INFO 2025-07-18 17:22:46,238 autoreload 18062 139823746675904 Watching for file changes with StatReloader
INFO 2025-07-18 17:23:06,054 autoreload 18062 139823746675904 /home/oleon/Escritorio/reporte_glpi_django/metricas/services.py changed, reloading.
INFO 2025-07-18 17:23:06,392 autoreload 18213 140096952849600 Watching for file changes with StatReloader
INFO 2025-07-18 17:23:31,975 services 18538 140273088308416 🚀 Iniciando reporte exacto (query del usuario) para rango 2025-06-18 - 2025-07-18
INFO 2025-07-18 17:23:31,975 services 18538 140273088308416 📊 Rango de 31 días - Single query
INFO 2025-07-18 17:23:31,975 services 18538 140273088308416 📊 Procesando 1 chunks de datos
INFO 2025-07-18 17:23:31,975 services 18538 140273088308416 ⚡ Procesamiento directo (rango pequeño)
INFO 2025-07-18 17:23:31,975 services 18538 140273088308416 🔄 Procesando chunk completo: 2025-06-18 a 2025-07-18
DEBUG 2025-07-18 17:24:01,268 services 18538 140273088308416 ✅ Query completo procesado para chunk 2025-06-18-2025-07-18
INFO 2025-07-18 17:24:01,274 services 18538 140273088308416 💾 Resultado guardado en cache por 60 minutos
INFO 2025-07-18 17:24:01,274 services 18538 140273088308416 ✅ Reporte exacto completado en 29.30 segundos
INFO 2025-07-18 17:24:01,274 services 18538 140273088308416 📈 Procesados 172 técnicos en 1 chunks
INFO 2025-07-18 17:24:01,274 services 18538 140273088308416 🚀 Iniciando reporte exacto (query del usuario) para rango 2025-06-18 - 2025-07-18
INFO 2025-07-18 17:24:01,275 services 18538 140273088308416 📊 Rango de 31 días - Single query
INFO 2025-07-18 17:24:01,275 services 18538 140273088308416 📊 Procesando 1 chunks de datos
INFO 2025-07-18 17:24:01,275 services 18538 140273088308416 ⚡ Procesamiento directo (rango pequeño)
INFO 2025-07-18 17:24:01,275 services 18538 140273088308416 🔄 Procesando chunk completo: 2025-06-18 a 2025-07-18
DEBUG 2025-07-18 17:24:02,405 services 18538 140273088308416 ✅ Query completo procesado para chunk 2025-06-18-2025-07-18
INFO 2025-07-18 17:24:02,408 services 18538 140273088308416 💾 Resultado guardado en cache por 60 minutos
INFO 2025-07-18 17:24:02,408 services 18538 140273088308416 ✅ Reporte exacto completado en 1.13 segundos
INFO 2025-07-18 17:24:02,408 services 18538 140273088308416 📈 Procesados 1 técnicos en 1 chunks
INFO 2025-07-18 17:24:02,408 services 18538 140273088308416 🚀 Iniciando reporte ultra-optimizado para rango 2025-07-11 - 2025-07-18
INFO 2025-07-18 17:24:02,408 services 18538 140273088308416 📊 Rango de 8 días - Single query
INFO 2025-07-18 17:24:02,408 services 18538 140273088308416 📊 Procesando 1 chunks de datos
INFO 2025-07-18 17:24:02,408 services 18538 140273088308416 ⚡ Procesamiento directo (rango pequeño)
INFO 2025-07-18 17:24:02,408 services 18538 140273088308416 🔄 Procesando chunk completo: 2025-07-11 a 2025-07-18
DEBUG 2025-07-18 17:24:03,466 services 18538 140273088308416 ✅ Query completo procesado para chunk 2025-07-11-2025-07-18
INFO 2025-07-18 17:24:03,467 services 18538 140273088308416 💾 Resultado guardado en cache por 60 minutos
INFO 2025-07-18 17:24:03,467 services 18538 140273088308416 ✅ Reporte ultra-optimizado completado en 1.06 segundos
INFO 2025-07-18 17:24:03,467 services 18538 140273088308416 📈 Procesados 136 técnicos en 1 chunks
INFO 2025-07-18 17:24:03,467 services 18538 140273088308416 🚀 Iniciando reporte exacto (query del usuario) para rango 2025-07-11 - 2025-07-18
INFO 2025-07-18 17:24:03,468 services 18538 140273088308416 📊 Rango de 8 días - Single query
INFO 2025-07-18 17:24:03,468 services 18538 140273088308416 📊 Procesando 1 chunks de datos
INFO 2025-07-18 17:24:03,468 services 18538 140273088308416 ⚡ Procesamiento directo (rango pequeño)
INFO 2025-07-18 17:24:03,468 services 18538 140273088308416 🔄 Procesando chunk completo: 2025-07-11 a 2025-07-18
DEBUG 2025-07-18 17:24:04,523 services 18538 140273088308416 ✅ Query completo procesado para chunk 2025-07-11-2025-07-18
INFO 2025-07-18 17:24:04,527 services 18538 140273088308416 💾 Resultado guardado en cache por 60 minutos
INFO 2025-07-18 17:24:04,527 services 18538 140273088308416 ✅ Reporte exacto completado en 1.06 segundos
INFO 2025-07-18 17:24:04,527 services 18538 140273088308416 📈 Procesados 136 técnicos en 1 chunks
INFO 2025-07-18 17:28:24,745 autoreload 18213 140096952849600 /home/oleon/Escritorio/reporte_glpi_django/metricas/services.py changed, reloading.
INFO 2025-07-18 17:28:25,025 autoreload 19035 140424065418432 Watching for file changes with StatReloader
INFO 2025-07-18 17:28:30,386 basehttp 19035 140423369799232 "GET / HTTP/1.1" 200 93277
INFO 2025-07-18 17:28:31,329 basehttp 19035 140423369799232 "GET /tecnicos/ HTTP/1.1" 200 11188
INFO 2025-07-18 17:28:46,673 views 19035 140423369799232 Generando reporte principal para fechas 2024-09-01 a 2025-06-30 (303 días) y técnicos: ['Trosel Alberto Antonio ( INT-VE-270 )']
INFO 2025-07-18 17:28:46,674 services 19035 140423369799232 🚀 Iniciando reporte exacto (query del usuario) para rango 2024-09-01 - 2025-06-30
INFO 2025-07-18 17:28:46,674 services 19035 140423369799232 📊 Rango de 303 días - Chunk processing
INFO 2025-07-18 17:28:46,675 services 19035 140423369799232 📊 Procesando 4 chunks de datos
INFO 2025-07-18 17:28:46,675 services 19035 140423369799232 🔄 Procesamiento de 4 chunks
INFO 2025-07-18 17:28:46,675 services 19035 140423369799232 📦 Procesando chunk 1/4: 2024-09-01 a 2024-11-29
INFO 2025-07-18 17:28:46,675 services 19035 140423369799232 🔄 Procesando chunk completo: 2024-09-01 a 2024-11-29
DEBUG 2025-07-18 17:28:50,842 services 19035 140423369799232 ✅ Query completo procesado para chunk 2024-09-01-2024-11-29
INFO 2025-07-18 17:28:50,842 services 19035 140423369799232 📦 Procesando chunk 2/4: 2024-11-30 a 2025-02-27
INFO 2025-07-18 17:28:50,842 services 19035 140423369799232 🔄 Procesando chunk completo: 2024-11-30 a 2025-02-27
DEBUG 2025-07-18 17:28:54,772 services 19035 140423369799232 ✅ Query completo procesado para chunk 2024-11-30-2025-02-27
INFO 2025-07-18 17:28:54,773 services 19035 140423369799232 📦 Procesando chunk 3/4: 2025-02-28 a 2025-05-28
INFO 2025-07-18 17:28:54,773 services 19035 140423369799232 🔄 Procesando chunk completo: 2025-02-28 a 2025-05-28
DEBUG 2025-07-18 17:28:57,661 services 19035 140423369799232 ✅ Query completo procesado para chunk 2025-02-28-2025-05-28
INFO 2025-07-18 17:28:57,661 services 19035 140423369799232 📦 Procesando chunk 4/4: 2025-05-29 a 2025-06-30
INFO 2025-07-18 17:28:57,662 services 19035 140423369799232 🔄 Procesando chunk completo: 2025-05-29 a 2025-06-30
DEBUG 2025-07-18 17:29:00,361 services 19035 140423369799232 ✅ Query completo procesado para chunk 2025-05-29-2025-06-30
INFO 2025-07-18 17:29:00,361 services 19035 140423369799232 🔄 Consolidando resultados de chunks...
INFO 2025-07-18 17:29:00,389 services 19035 140423369799232 💾 Resultado guardado en cache por 120 minutos
INFO 2025-07-18 17:29:00,389 services 19035 140423369799232 ✅ Reporte exacto completado en 13.72 segundos
INFO 2025-07-18 17:29:00,389 services 19035 140423369799232 📈 Procesados 1 técnicos en 4 chunks
INFO 2025-07-18 17:29:00,390 views 19035 140423369799232 Reporte completado en 13.72 segundos para 1 técnicos
INFO 2025-07-18 17:29:00,391 basehttp 19035 140423369799232 "POST /generar-reporte/ HTTP/1.1" 200 524
INFO 2025-07-18 17:29:20,617 basehttp 19035 140423369799232 "GET / HTTP/1.1" 200 93277
INFO 2025-07-18 17:29:21,126 basehttp 19035 140423369799232 "GET /tecnicos/ HTTP/1.1" 200 11188
INFO 2025-07-18 17:30:31,001 views 19035 140423369799232 Generando reporte principal para fechas 2024-09-01 a 2025-06-30 (303 días) y técnicos: ['Trosel Alberto Antonio ( INT-VE-270 )']
INFO 2025-07-18 17:30:31,001 services 19035 140423369799232 🚀 Iniciando reporte exacto (query del usuario) para rango 2024-09-01 - 2025-06-30
INFO 2025-07-18 17:30:31,001 services 19035 140423369799232 📊 Rango de 303 días - Chunk processing
INFO 2025-07-18 17:30:31,002 services 19035 140423369799232 📦 Cache hit - retornando resultado cacheado
INFO 2025-07-18 17:30:31,002 views 19035 140423369799232 Reporte completado en 0.00 segundos para 1 técnicos
INFO 2025-07-18 17:30:31,003 basehttp 19035 140423369799232 "POST /generar-reporte/ HTTP/1.1" 200 522
INFO 2025-07-18 17:33:40,717 autoreload 19035 140424065418432 /home/oleon/Escritorio/reporte_glpi_django/metricas/services.py changed, reloading.
INFO 2025-07-18 17:33:41,012 autoreload 19777 139649563542720 Watching for file changes with StatReloader
INFO 2025-07-18 17:34:15,002 autoreload 19777 139649563542720 /home/oleon/Escritorio/reporte_glpi_django/metricas/services.py changed, reloading.
INFO 2025-07-18 17:34:15,290 autoreload 19860 139647196566720 Watching for file changes with StatReloader
INFO 2025-07-18 17:34:40,142 autoreload 19860 139647196566720 /home/oleon/Escritorio/reporte_glpi_django/metricas/services.py changed, reloading.
INFO 2025-07-18 17:34:40,505 autoreload 19937 139987386696896 Watching for file changes with StatReloader
INFO 2025-07-18 17:36:43,524 services 20269 139927908209856 🚀 Iniciando reporte exacto (query del usuario) para rango 2024-12-01 - 2024-12-31
INFO 2025-07-18 17:36:43,524 services 20269 139927908209856 📊 Rango de 31 días - Single query
INFO 2025-07-18 17:36:43,525 services 20269 139927908209856 📊 Procesando 1 chunks de datos
INFO 2025-07-18 17:36:43,525 services 20269 139927908209856 ⚡ Procesamiento directo (rango pequeño)
INFO 2025-07-18 17:36:43,525 services 20269 139927908209856 🔄 Procesando chunk completo: 2024-12-01 a 2024-12-31
DEBUG 2025-07-18 17:36:52,368 services 20269 139927908209856 ✅ Query completo procesado para chunk 2024-12-01-2024-12-31
INFO 2025-07-18 17:36:52,379 services 20269 139927908209856 💾 Resultado guardado en cache por 60 minutos
INFO 2025-07-18 17:36:52,379 services 20269 139927908209856 ✅ Reporte exacto completado en 8.86 segundos
INFO 2025-07-18 17:36:52,379 services 20269 139927908209856 📈 Procesados 150 técnicos en 1 chunks
INFO 2025-07-18 17:36:52,380 services 20269 139927908209856 🚀 Iniciando reporte exacto (query del usuario) para rango 2024-12-01 - 2024-12-31
INFO 2025-07-18 17:36:52,381 services 20269 139927908209856 📊 Rango de 31 días - Single query
INFO 2025-07-18 17:36:52,382 services 20269 139927908209856 📊 Procesando 1 chunks de datos
INFO 2025-07-18 17:36:52,382 services 20269 139927908209856 ⚡ Procesamiento directo (rango pequeño)
INFO 2025-07-18 17:36:52,382 services 20269 139927908209856 🔄 Procesando chunk completo: 2024-12-01 a 2024-12-31
DEBUG 2025-07-18 17:36:53,494 services 20269 139927908209856 ✅ Query completo procesado para chunk 2024-12-01-2024-12-31
INFO 2025-07-18 17:36:53,495 services 20269 139927908209856 💾 Resultado guardado en cache por 60 minutos
INFO 2025-07-18 17:36:53,495 services 20269 139927908209856 ✅ Reporte exacto completado en 1.12 segundos
INFO 2025-07-18 17:36:53,495 services 20269 139927908209856 📈 Procesados 1 técnicos en 1 chunks
INFO 2025-07-18 17:36:53,495 services 20269 139927908209856 🚀 Iniciando reporte exacto (query del usuario) para rango 2024-12-01 - 2024-12-31
INFO 2025-07-18 17:36:53,496 services 20269 139927908209856 📊 Rango de 31 días - Single query
INFO 2025-07-18 17:36:53,496 services 20269 139927908209856 📦 Cache hit - retornando resultado cacheado
INFO 2025-07-18 17:58:23,741 views 19937 139986691372608 Generando reporte principal para fechas 2024-09-01 a 2025-06-30 (303 días) y técnicos: ['Trosel Alberto Antonio ( INT-VE-270 )']
INFO 2025-07-18 17:58:23,742 services 19937 139986691372608 🚀 Iniciando reporte exacto (query del usuario) para rango 2024-09-01 - 2025-06-30
INFO 2025-07-18 17:58:23,742 services 19937 139986691372608 📊 Rango de 303 días - Chunk processing
INFO 2025-07-18 17:58:23,742 services 19937 139986691372608 📊 Procesando 4 chunks de datos
INFO 2025-07-18 17:58:23,743 services 19937 139986691372608 🔄 Procesamiento de 4 chunks
INFO 2025-07-18 17:58:23,743 services 19937 139986691372608 📦 Procesando chunk 1/4: 2024-09-01 a 2024-11-29
INFO 2025-07-18 17:58:23,743 services 19937 139986691372608 🔄 Procesando chunk completo: 2024-09-01 a 2024-11-29
DEBUG 2025-07-18 17:58:28,189 services 19937 139986691372608 ✅ Query completo procesado para chunk 2024-09-01-2024-11-29
INFO 2025-07-18 17:58:28,189 services 19937 139986691372608 📦 Procesando chunk 2/4: 2024-11-30 a 2025-02-27
INFO 2025-07-18 17:58:28,190 services 19937 139986691372608 🔄 Procesando chunk completo: 2024-11-30 a 2025-02-27
DEBUG 2025-07-18 17:58:30,211 services 19937 139986691372608 ✅ Query completo procesado para chunk 2024-11-30-2025-02-27
INFO 2025-07-18 17:58:30,211 services 19937 139986691372608 📦 Procesando chunk 3/4: 2025-02-28 a 2025-05-28
INFO 2025-07-18 17:58:30,211 services 19937 139986691372608 🔄 Procesando chunk completo: 2025-02-28 a 2025-05-28
DEBUG 2025-07-18 17:58:32,086 services 19937 139986691372608 ✅ Query completo procesado para chunk 2025-02-28-2025-05-28
INFO 2025-07-18 17:58:32,087 services 19937 139986691372608 📦 Procesando chunk 4/4: 2025-05-29 a 2025-06-30
INFO 2025-07-18 17:58:32,087 services 19937 139986691372608 🔄 Procesando chunk completo: 2025-05-29 a 2025-06-30
DEBUG 2025-07-18 17:58:35,748 services 19937 139986691372608 ✅ Query completo procesado para chunk 2025-05-29-2025-06-30
INFO 2025-07-18 17:58:35,748 services 19937 139986691372608 🔄 Consolidando resultados de chunks...
INFO 2025-07-18 17:58:35,772 services 19937 139986691372608 💾 Resultado guardado en cache por 120 minutos
INFO 2025-07-18 17:58:35,773 services 19937 139986691372608 ✅ Reporte exacto completado en 12.03 segundos
INFO 2025-07-18 17:58:35,773 services 19937 139986691372608 📈 Procesados 1 técnicos en 4 chunks
INFO 2025-07-18 17:58:35,773 views 19937 139986691372608 Reporte completado en 12.03 segundos para 1 técnicos
INFO 2025-07-18 17:58:35,775 basehttp 19937 139986691372608 "POST /generar-reporte/ HTTP/1.1" 200 459
INFO 2025-07-18 18:01:39,680 basehttp 19937 139986691372608 "GET /obtener-grupos/ HTTP/1.1" 200 557
INFO 2025-07-18 18:01:41,544 basehttp 19937 139986691372608 "GET /obtener-subgrupos/?grupo_id=122 HTTP/1.1" 200 507
INFO 2025-07-18 18:01:42,789 basehttp 19937 139986691372608 "GET /obtener-tecnicos-por-subgrupo/?subgrupo_id=11 HTTP/1.1" 200 433
INFO 2025-07-18 18:01:43,787 views 19937 139986691372608 Generando reporte principal para fechas 2024-09-01 a 2025-06-30 (303 días) y técnicos: ['Aldama Josfren ( INT-VE-632 )', 'Arteaga Daniel ( INT-VE-439)', 'Chain Joseph ( INT-VE-1404 )', 'Leon Oswaldo ( INT-VE-545 )', 'Perez Adrian ( INT-VE-543 )', 'Reyes Armando ( INT-VE-544 )', 'Rodríguez Sánchez  Yonny Javier ( INT-VE-356 )']
INFO 2025-07-18 18:01:43,787 services 19937 139986691372608 🚀 Iniciando reporte exacto (query del usuario) para rango 2024-09-01 - 2025-06-30
INFO 2025-07-18 18:01:43,788 services 19937 139986691372608 📊 Rango de 303 días - Chunk processing
INFO 2025-07-18 18:01:43,789 services 19937 139986691372608 📊 Procesando 4 chunks de datos
INFO 2025-07-18 18:01:43,789 services 19937 139986691372608 🔄 Procesamiento de 4 chunks
INFO 2025-07-18 18:01:43,789 services 19937 139986691372608 📦 Procesando chunk 1/4: 2024-09-01 a 2024-11-29
INFO 2025-07-18 18:01:43,789 services 19937 139986691372608 🔄 Procesando chunk completo: 2024-09-01 a 2024-11-29
DEBUG 2025-07-18 18:01:48,199 services 19937 139986691372608 ✅ Query completo procesado para chunk 2024-09-01-2024-11-29
INFO 2025-07-18 18:01:48,199 services 19937 139986691372608 📦 Procesando chunk 2/4: 2024-11-30 a 2025-02-27
INFO 2025-07-18 18:01:48,199 services 19937 139986691372608 🔄 Procesando chunk completo: 2024-11-30 a 2025-02-27
DEBUG 2025-07-18 18:01:50,224 services 19937 139986691372608 ✅ Query completo procesado para chunk 2024-11-30-2025-02-27
INFO 2025-07-18 18:01:50,224 services 19937 139986691372608 📦 Procesando chunk 3/4: 2025-02-28 a 2025-05-28
INFO 2025-07-18 18:01:50,225 services 19937 139986691372608 🔄 Procesando chunk completo: 2025-02-28 a 2025-05-28
DEBUG 2025-07-18 18:01:51,869 services 19937 139986691372608 ✅ Query completo procesado para chunk 2025-02-28-2025-05-28
INFO 2025-07-18 18:01:51,870 services 19937 139986691372608 📦 Procesando chunk 4/4: 2025-05-29 a 2025-06-30
INFO 2025-07-18 18:01:51,870 services 19937 139986691372608 🔄 Procesando chunk completo: 2025-05-29 a 2025-06-30
DEBUG 2025-07-18 18:01:53,886 services 19937 139986691372608 ✅ Query completo procesado para chunk 2025-05-29-2025-06-30
INFO 2025-07-18 18:01:53,886 services 19937 139986691372608 🔄 Consolidando resultados de chunks...
INFO 2025-07-18 18:01:53,911 services 19937 139986691372608 💾 Resultado guardado en cache por 120 minutos
INFO 2025-07-18 18:01:53,911 services 19937 139986691372608 ✅ Reporte exacto completado en 10.12 segundos
INFO 2025-07-18 18:01:53,912 services 19937 139986691372608 📈 Procesados 7 técnicos en 4 chunks
INFO 2025-07-18 18:01:53,912 views 19937 139986691372608 Reporte completado en 10.12 segundos para 7 técnicos
INFO 2025-07-18 18:01:53,913 basehttp 19937 139986691372608 "POST /generar-reporte/ HTTP/1.1" 200 2278
INFO 2025-07-18 18:02:32,881 autoreload 19937 139987386696896 /home/oleon/Escritorio/reporte_glpi_django/metricas/services.py changed, reloading.
INFO 2025-07-18 18:02:33,180 autoreload 22726 140657981744320 Watching for file changes with StatReloader
INFO 2025-07-18 18:02:45,099 views 22726 140657286133312 Obteniendo tickets reabiertos para Leon Oswaldo ( INT-VE-545 ) entre 2024-09-01 y 2025-06-30
INFO 2025-07-18 18:02:45,434 basehttp 22726 140657286133312 "POST /tickets-reabiertos/ HTTP/1.1" 200 590
INFO 2025-07-18 18:02:56,837 views 22726 140657286133312 Obteniendo tickets reabiertos para Arteaga Daniel ( INT-VE-439) entre 2024-09-01 y 2025-06-30
INFO 2025-07-18 18:02:57,159 basehttp 22726 140657286133312 "POST /tickets-reabiertos/ HTTP/1.1" 200 594
INFO 2025-07-18 18:03:00,789 views 22726 140657286133312 Obteniendo tickets reabiertos para Rodríguez Sánchez  Yonny Javier ( INT-VE-356 ) entre 2024-09-01 y 2025-06-30
INFO 2025-07-18 18:03:01,119 basehttp 22726 140657286133312 "POST /tickets-reabiertos/ HTTP/1.1" 200 2968
INFO 2025-07-18 18:03:03,781 views 22726 140657286133312 Obteniendo tickets reabiertos para Reyes Armando ( INT-VE-544 ) entre 2024-09-01 y 2025-06-30
INFO 2025-07-18 18:03:04,232 basehttp 22726 140657286133312 "POST /tickets-reabiertos/ HTTP/1.1" 200 448
INFO 2025-07-18 18:03:06,400 views 22726 140657286133312 Obteniendo tickets reabiertos para Leon Oswaldo ( INT-VE-545 ) entre 2024-09-01 y 2025-06-30
INFO 2025-07-18 18:03:06,734 basehttp 22726 140657286133312 "POST /tickets-reabiertos/ HTTP/1.1" 200 590
INFO 2025-07-18 18:03:09,041 views 22726 140657286133312 Obteniendo tickets reabiertos para Aldama Josfren ( INT-VE-632 ) entre 2024-09-01 y 2025-06-30
INFO 2025-07-18 18:03:09,354 basehttp 22726 140657286133312 "POST /tickets-reabiertos/ HTTP/1.1" 200 157
INFO 2025-07-18 18:03:13,511 basehttp 22726 140657286133312 "POST /generar-grafica/ HTTP/1.1" 200 19020
INFO 2025-07-18 18:03:29,459 views 22726 140657286133312 Obteniendo tickets reabiertos para Rodríguez Sánchez  Yonny Javier ( INT-VE-356 ) entre 2024-09-01 y 2025-06-30
INFO 2025-07-18 18:03:29,785 basehttp 22726 140657286133312 "POST /tickets-reabiertos/ HTTP/1.1" 200 2968
INFO 2025-07-18 18:03:33,924 views 22726 140657286133312 Obteniendo tickets reabiertos para Leon Oswaldo ( INT-VE-545 ) entre 2024-09-01 y 2025-06-30
INFO 2025-07-18 18:03:34,246 basehttp 22726 140657286133312 "POST /tickets-reabiertos/ HTTP/1.1" 200 590
INFO 2025-07-18 18:03:37,042 basehttp 22726 140657286133312 "POST /generar-grafica/ HTTP/1.1" 200 19020
INFO 2025-07-18 18:03:40,079 views 22726 140657286133312 Generando reporte principal para fechas 2024-09-01 a 2025-06-30 (303 días) y técnicos: ['Aldama Josfren ( INT-VE-632 )', 'Arteaga Daniel ( INT-VE-439)', 'Chain Joseph ( INT-VE-1404 )', 'Leon Oswaldo ( INT-VE-545 )', 'Perez Adrian ( INT-VE-543 )', 'Reyes Armando ( INT-VE-544 )', 'Rodríguez Sánchez  Yonny Javier ( INT-VE-356 )']
INFO 2025-07-18 18:03:40,079 services 22726 140657286133312 🚀 Iniciando reporte exacto (query del usuario) para rango 2024-09-01 - 2025-06-30
INFO 2025-07-18 18:03:40,079 services 22726 140657286133312 📊 Rango de 303 días - Chunk processing
INFO 2025-07-18 18:03:40,080 services 22726 140657286133312 📊 Procesando 4 chunks de datos
INFO 2025-07-18 18:03:40,080 services 22726 140657286133312 🔄 Procesamiento de 4 chunks
INFO 2025-07-18 18:03:40,080 services 22726 140657286133312 📦 Procesando chunk 1/4: 2024-09-01 a 2024-11-29
INFO 2025-07-18 18:03:40,080 services 22726 140657286133312 🔄 Procesando chunk completo: 2024-09-01 a 2024-11-29
DEBUG 2025-07-18 18:03:45,374 services 22726 140657286133312 ✅ Query completo procesado para chunk 2024-09-01-2024-11-29
INFO 2025-07-18 18:03:45,375 services 22726 140657286133312 📦 Procesando chunk 2/4: 2024-11-30 a 2025-02-27
INFO 2025-07-18 18:03:45,375 services 22726 140657286133312 🔄 Procesando chunk completo: 2024-11-30 a 2025-02-27
DEBUG 2025-07-18 18:03:49,779 services 22726 140657286133312 ✅ Query completo procesado para chunk 2024-11-30-2025-02-27
INFO 2025-07-18 18:03:49,779 services 22726 140657286133312 📦 Procesando chunk 3/4: 2025-02-28 a 2025-05-28
INFO 2025-07-18 18:03:49,779 services 22726 140657286133312 🔄 Procesando chunk completo: 2025-02-28 a 2025-05-28
DEBUG 2025-07-18 18:03:51,425 services 22726 140657286133312 ✅ Query completo procesado para chunk 2025-02-28-2025-05-28
INFO 2025-07-18 18:03:51,426 services 22726 140657286133312 📦 Procesando chunk 4/4: 2025-05-29 a 2025-06-30
INFO 2025-07-18 18:03:51,426 services 22726 140657286133312 🔄 Procesando chunk completo: 2025-05-29 a 2025-06-30
DEBUG 2025-07-18 18:03:54,655 services 22726 140657286133312 ✅ Query completo procesado para chunk 2025-05-29-2025-06-30
INFO 2025-07-18 18:03:54,655 services 22726 140657286133312 🔄 Consolidando resultados de chunks...
INFO 2025-07-18 18:03:54,662 services 22726 140657286133312 💾 Resultado guardado en cache por 120 minutos
INFO 2025-07-18 18:03:54,662 services 22726 140657286133312 ✅ Reporte exacto completado en 14.58 segundos
INFO 2025-07-18 18:03:54,662 services 22726 140657286133312 📈 Procesados 7 técnicos en 4 chunks
INFO 2025-07-18 18:03:54,662 views 22726 140657286133312 Reporte completado en 14.58 segundos para 7 técnicos
INFO 2025-07-18 18:03:54,663 basehttp 22726 140657286133312 "POST /generar-reporte/ HTTP/1.1" 200 2278
